,Address,Year,Flats,Entrance,Height,Square,Latitude,Longitude,Flats_per_floor,Street
0,"ул. латышских стрелков, 39",1979,96,1,14,4609.2,55.753863,49.166044,6.857142857142857,ул. латышских стрелков
1,"ул. латышских стрелков, 3",1968,80,4,5,3676.6,55.763219,49.175171,4.0,ул. латышских стрелков
2,"ул. челюскина, 4/13",1952,123,7,5,6970.2,55.852445,49.076069,3.5142857142857147,ул. челюскина
3,"ул. патриса лумумбы, 49",1968,97,2,5,2152.5,55.794801,49.184585,9.7,ул. патриса лумумбы
4,"ул. ноксинский спуск, 43",2006,80,2,10,5255.6,55.769342,49.24338,4.0,ул. ноксинский спуск
5,"ул. аделя кутуя, 8",1969,313,6,5,6088.5,55.786136,49.166323,10.433333333333334,ул. аделя кутуя
6,"ул. батыршина, 19",1976,215,6,9,11121.8,55.824359,49.056737,3.981481481481482,ул. батыршина
7,"ул. безоблачная, 1",2014,20,1,5,1347.6,55.710996,49.185187,4.0,ул. безоблачная
8,"ул. актанышская, 5 корпус 2",1977,24,2,2,1046.5,55.849661,48.909342,6.0,ул. актанышская
9,"ул. интернациональная, 22",1970,16,2,2,204.0,55.808412,49.269422,4.0,ул. интернациональная
10,"ул. юлиуса фучика, 127",1992,158,4,10,9196.7,55.763908,49.227327,3.95,ул. юлиуса фучика
11,"ул. айдарова, 29а",1959,8,4,2,301.8,55.868895,49.081638,1.0,ул. айдарова
12,"ул. авангардная, 62 корпус 1",1962,16,2,2,421.0,55.745139,49.143065,4.0,ул. авангардная
13,"ул. парковая, 15",1971,90,6,5,3965.2,55.86015,49.223402,3.0,ул. парковая
14,"ул. четаева, 51",1998,117,3,10,6348.0,55.825001,49.111651,3.9,ул. четаева
15,"ул. академика губкина, 44",1963,67,4,5,2633.9,55.807061,49.194682,3.35,ул. академика губкина
16,"ул. амирхана еники, 10",2020,70,1,11,6634.8,55.782496,49.153629,6.363636363636363,ул. амирхана еники
17,"ул. ботаническая, 17",1968,160,8,5,5807.6,55.767777,49.140622,4.0,ул. ботаническая
18,"ул. пилотская, 37",2018,204,5,9,9208.0,55.822397,49.072628,4.533333333333333,ул. пилотская
19,"ул. восстания, 14",1962,78,4,5,3470.0,55.836059,49.095958,3.9,ул. восстания
20,"ул. молодежная, 12",1969,100,2,5,3005.0,55.862469,49.098706,10.0,ул. молодежная
21,"ул. деловая, 20",1962,39,2,5,1554.5,55.816586,49.062738,3.9,ул. деловая
22,"ул. декабристов, 129",1969,249,5,9,11247.7,55.826756,49.083426,5.533333333333333,ул. декабристов
23,"ул. максимова, 1б",2012,90,2,9,4670.9,55.858811,49.099488,5.0,ул. максимова
24,"ул. 40 лет октября, 20",1960,36,3,3,1495.4,55.822893,49.029114,4.0,ул. 40 лет октября
25,"ул. волгоградская, 5",1964,80,4,5,3607.5,55.828582,49.084971,4.0,ул. волгоградская
26,"ул. рауиса гареева, 90 корпус 1",2018,163,5,10,8584.9,55.721047,49.1667,3.26,ул. рауиса гареева
27,"ул. восстания, 16",1961,74,4,5,2861.0,55.835604,49.094601,3.7,ул. восстания
28,"ул. вишневского, 57",1980,90,1,14,4409.3,55.782719,49.149515,6.428571428571429,ул. вишневского
29,"пр-кт победы, 18 корпус 1",1993,135,4,9,4638.1,55.740451,49.196147,3.75,пр-кт победы
30,"ул. степана халтурина, 7",1917,27,2,2,768.9,55.816622,49.057213,6.75,ул. степана халтурина
31,"ул. окольная, 94 корпус 2",1973,70,4,5,3142.88,55.829431,49.056441,3.5,ул. окольная
32,"ул. спартаковская, 87",1991,80,2,10,4368.3,55.775454,49.139167,4.0,ул. спартаковская
33,"ул. муштари, 15",1994,32,2,6,1942.4,55.790631,49.133992,2.6666666666666665,ул. муштари
34,"ул. габдуллы тукая, 31",1917,14,3,3,581.7,55.782365,49.111445,1.5555555555555556,ул. габдуллы тукая
35,"ул. декабристов, 109",1970,80,4,5,2407.9,55.82269,49.085905,4.0,ул. декабристов
36,"ул. достоевского, 40",2012,76,5,9,10215.4,55.787938,49.149048,1.6888888888888889,ул. достоевского
37,"ул. александра попова, 14",1960,40,2,5,1582.3,55.809945,49.186723,4.0,ул. александра попова
38,"ул. челюскина, 68а",1983,64,4,5,3014.7,55.871501,49.081791,3.2,ул. челюскина
39,"ул. гаврилова, 48",1988,120,4,9,6429.7,55.840341,49.156253,3.333333333333333,ул. гаврилова
40,"ул. абсалямова, 29",2004,117,3,10,6468.2,55.822276,49.109603,3.9,ул. абсалямова
41,"ул. адоратского, 6",1984,192,6,9,10376.3,55.828905,49.14832,3.555555555555556,ул. адоратского
42,"ул. чапаева, 21",2007,196,5,10,10134.3,55.866435,49.082761,3.92,ул. чапаева
43,"ул. сыртлановой, 29",1974,76,4,5,3561.4,55.748148,49.200962,3.8,ул. сыртлановой
44,"ул. чистопольская, 68",2008,104,3,9,5929.5,55.818948,49.136723,3.851851851851852,ул. чистопольская
45,"ул. щапова, 7",2003,20,2,4,2540.0,55.790114,49.125934,2.5,ул. щапова
46,"ул. рауиса гареева, 2",2013,89,1,20,5149.4,55.728783,49.188628,4.45,ул. рауиса гареева
47,"ул. четаева, 60",2001,147,3,10,6238.3,55.82261,49.114059,4.9,ул. четаева
48,"ул. латышских стрелков, 4",1969,90,6,5,3817.1,55.763153,49.173716,3.0,ул. латышских стрелков
49,"ул. восстания, 82б",2017,308,1,24,11523.4,55.834623,49.057043,12.833333333333334,ул. восстания
50,"ул. беломорская, 106",1975,61,1,5,2122.93,55.866324,49.054402,12.2,ул. беломорская
51,"ул. академика глушко, 24",2004,128,1,16,6513.34,55.789036,49.228648,8.0,ул. академика глушко
52,"ул. шамиля усманова, 27",1968,64,4,5,2491.6,55.830417,49.067122,3.2,ул. шамиля усманова
53,"ул. хади атласи, 15",2010,16,2,4,851.2,55.785159,49.148922,2.0,ул. хади атласи
54,"ул. удивительная, 9",2020,208,1,20,9069.4,55.796461,49.250216,10.4,ул. удивительная
55,"ул. аделя кутуя, 68 корпус 1",1961,136,3,5,2996.3,55.784268,49.178989,9.066666666666666,ул. аделя кутуя
56,"ул. гагарина, 73",1962,80,4,5,3680.51,55.838218,49.094224,4.0,ул. гагарина
57,"ул. привокзальная, 6",2002,62,4,5,1761.6,55.814179,48.89328,3.1,ул. привокзальная
58,"ул. хибинская, 4",1976,16,2,2,641.0,55.845658,48.90317,4.0,ул. хибинская
59,"ул. осиновская, 27 корпус 1",1984,18,3,2,856.4,55.854881,48.889004,3.0,ул. осиновская
60,"ул. павлюхина, 114 корпус 2",1963,32,2,5,1267.8,55.767165,49.146137,3.2,ул. павлюхина
61,"ул. родины, 31",1993,68,1,5,2357.1,55.765691,49.20531,13.6,ул. родины
62,"ул. химиков, 45а",1968,143,3,5,2785.3,55.873163,49.017256,9.533333333333331,ул. химиков
63,"ул. академика королева, 45",1961,36,2,5,1453.1,55.838268,49.069637,3.6,ул. академика королева
64,"ул. стадионная, 2",1939,4,2,2,551.5,55.870046,49.23075,1.0,ул. стадионная
65,"ул. лейтенанта красикова, 8",1967,66,4,5,2608.0,55.820223,48.898077,3.3,ул. лейтенанта красикова
66,"ул. халева, 1",1965,80,4,5,3686.6,55.768127,49.155902,4.0,ул. халева
67,"кул гали, 2а",2004,144,2,9,4669.1,55.756903,49.221767,8.0,кул гали
68,"пр-кт ямашева, 104 корпус 2",1984,102,2,10,5306.6,55.827656,49.157052,5.1,пр-кт ямашева
69,"ул. энергетиков, 14",2007,102,4,6,5434.5,55.825335,49.077398,4.25,ул. энергетиков
70,"пр-кт ямашева, 14",1964,80,4,5,3659.6,55.82754,49.089094,4.0,пр-кт ямашева
71,"ул. новаторов, 4",1965,80,4,5,3245.7,55.804061,49.177641,4.0,ул. новаторов
72,"ул. мусина, 53",1972,78,4,5,3638.1,55.832545,49.121658,3.9,ул. мусина
73,"ул. авангардная, 187",2002,79,2,10,4835.59,55.733614,49.145104,3.95,ул. авангардная
74,"ул. фатыха амирхана, 101",2004,96,1,14,2642.7,55.842176,49.132456,6.857142857142857,ул. фатыха амирхана
75,"ул. даурская, 22",2009,100,1,15,7730.7,55.762976,49.164328,6.666666666666667,ул. даурская
76,"ул. социалистическая, 11/14",1950,108,9,3,4522.9,55.856452,49.076653,4.0,ул. социалистическая
77,"ул. голубятникова, 5",1962,30,3,3,1286.5,55.836913,49.103962,3.333333333333333,ул. голубятникова
78,"ул. шадрина, 1",1995,156,4,10,8420.7,55.854567,49.069942,3.9,ул. шадрина
79,"пр-кт победы, 192",2001,72,2,9,3652.71,55.793267,49.221668,4.0,пр-кт победы
80,"ул. краснококшайская, 168",1969,90,6,5,3938.2,55.820455,49.05565,3.0,ул. краснококшайская
81,"ул. димитрова, 3",1961,8,2,2,368.8,55.816485,49.054994,2.0,ул. димитрова
82,"ул. короленко, 52а",1976,223,2,9,2788.7,55.840351,49.101895,12.38888888888889,ул. короленко
83,"ул. можайского, 16а",1974,60,3,5,2572.9,55.821441,49.029015,4.0,ул. можайского
84,"ул. светлая, 19",1966,80,4,5,3632.2,55.822847,49.042229,4.0,ул. светлая
85,"пр-кт ибрагимова, 11",1960,80,4,5,3149.4,55.840366,49.089103,4.0,пр-кт ибрагимова
86,"ул. аделя кутуя, 39",1956,8,1,2,526.4,55.786748,49.175288,4.0,ул. аделя кутуя
87,"ул. газовая, 4",1963,80,4,5,3189.48,55.771788,49.148455,4.0,ул. газовая
88,"ул. мазита гафури, 59 корпус 1",2016,88,1,10,2249.2,55.767787,49.104959,8.8,ул. мазита гафури
89,"пр-кт победы, 224",2010,120,3,10,7286.6,55.807031,49.207879,4.0,пр-кт победы
90,"ул. ленская, 4",1961,36,2,5,1543.0,55.824572,49.084073,3.6,ул. ленская
91,"ул. батыршина, 28",1974,54,1,9,1337.0,55.822084,49.059639,6.0,ул. батыршина
92,"пр-кт универсиады, 12",2013,129,2,18,6957.9,55.765544,49.158606,3.583333333333333,пр-кт универсиады
93,"ул. полевая, 24",1966,100,5,5,3392.6,55.821178,49.057339,4.0,ул. полевая
94,"ул. абсалямова, 35",2004,116,3,10,6306.87,55.824283,49.108875,3.866666666666666,ул. абсалямова
95,"ул. академика губкина, 30а",2005,90,2,9,6112.5,55.804961,49.194539,5.0,ул. академика губкина
96,"ул. первого мая, 1",1929,8,2,2,496.1,55.812211,49.064382,2.0,ул. первого мая
97,"ул. отрадная, 48",2015,111,1,15,5524.7,55.769732,49.180803,7.4,ул. отрадная
98,"ул. азата аббасова, 12",2017,529,15,11,25230.0,55.790727,49.249111,3.206060606060606,ул. азата аббасова
99,"ул. ново-азинская, 12",1998,142,1,9,4655.2,55.813344,49.19674,15.77777777777778,ул. ново-азинская
100,"ул. правды (дербышки), 9",1956,18,3,2,898.81,55.86648,49.226671,3.0,ул. правды (дербышки)
101,"ул. комиссара габишева, 35",1986,59,1,9,3048.4,55.757136,49.238951,6.555555555555555,ул. комиссара габишева
102,"ул. фатыха амирхана, 15",1999,88,2,10,5050.5,55.822256,49.132708,4.4,ул. фатыха амирхана
103,"ул. волгоградская, 13",1963,80,4,5,3657.4,55.828941,49.087594,4.0,ул. волгоградская
104,"ул. стадионная, 5",2003,72,3,5,3257.9,55.869395,49.231486,4.8,ул. стадионная
105,"пр-кт победы, 72а",1976,216,6,9,7053.1,55.752131,49.21856,4.0,пр-кт победы
106,"ул. актайская, 7а",1968,170,1,5,3400.3,55.745701,49.140577,34.0,ул. актайская
107,"ул. дубравная, 12",2009,95,1,17,5565.6,55.737958,49.207825,5.588235294117647,ул. дубравная
108,"ул. журналистов, 22",1956,8,2,2,371.5,55.810329,49.189436,2.0,ул. журналистов
109,"пр-кт победы, 210б",2010,200,5,10,12434.1,55.805422,49.210008,4.0,пр-кт победы
110,"ул. хасана туфана, 29",1950,16,2,2,692.7,55.839274,49.069017,4.0,ул. хасана туфана
111,"ул. нурсултана назарбаева, 45",1962,38,2,5,1326.2,55.769849,49.13366,3.8,ул. нурсултана назарбаева
112,"ул. лейтенанта красикова, 5/34",1957,34,4,3,1515.49,55.820688,48.899397,2.833333333333333,ул. лейтенанта красикова
113,"ул. аделя кутуя, 46",2001,241,6,10,21958.6,55.785554,49.17553,4.016666666666667,ул. аделя кутуя
114,"ул. мира, 36",2003,44,1,9,1626.3,55.861903,49.216952,4.888888888888889,ул. мира
115,"ул. магистральная (большие клыки), 20",2010,119,3,10,6636.2,55.914292,49.150458,3.9666666666666655,ул. магистральная (большие клыки)
116,"ул. коммунаров, 2",1995,385,8,9,21368.5,55.819358,49.078324,5.347222222222222,ул. коммунаров
117,"ул. фатыха амирхана, 26",1996,206,6,9,12505.0,55.839133,49.135627,3.814814814814815,ул. фатыха амирхана
118,"ул. челюскина, 62",1976,117,6,5,5134.6,55.870541,49.082016,3.9,ул. челюскина
119,"ул. фурманова, 13",1953,8,1,2,412.2,55.832525,49.087118,4.0,ул. фурманова
120,"ул. восстания, 58",1940,86,12,5,6582.3,55.833546,49.071694,1.4333333333333331,ул. восстания
121,"ул. баки урманче, 11б корпус 2",2017,69,1,17,3884.2,55.72891,49.171353,4.0588235294117645,ул. баки урманче
122,"ул. даурская, 36",1962,16,2,2,631.9,55.764561,49.173428,4.0,ул. даурская
123,"ул. сафьян, 6",2006,60,4,6,4178.0,55.776684,49.118667,2.5,ул. сафьян
124,"ул. адоратского, 34в",2006,71,1,12,3982.5,55.838546,49.152309,5.916666666666667,ул. адоратского
125,"пр-кт победы, 222а",2010,120,3,10,7696.9,55.806843,49.209999,4.0,пр-кт победы
126,"ул. николая ершова, 49г",2001,40,1,8,4172.9,55.802543,49.1705,5.0,ул. николая ершова
127,"ул. щапова, 15",2006,27,2,4,3076.7,55.791587,49.127596,3.375,ул. щапова
128,"ул. маршала чуйкова, 11",1981,144,4,9,7809.2,55.836408,49.111184,4.0,ул. маршала чуйкова
129,"ул. октябрьская, 27а",1962,80,4,5,3666.1,55.841837,49.091448,4.0,ул. октябрьская
130,"ул. ферганская, 3",1974,58,4,5,2665.9,55.819737,48.906027,2.9,ул. ферганская
131,"ул. космонавтов, 28",1975,57,4,5,2533.7,55.797645,49.191179,2.85,ул. космонавтов
132,"ул. рихарда зорге, 8",1967,80,4,5,3643.0,55.761482,49.185008,4.0,ул. рихарда зорге
133,"пр-кт ямашева, 104 корпус 1",1983,108,3,9,5829.2,55.827606,49.155938,4.0,пр-кт ямашева
134,"ул. коломенская, 8",1936,12,3,2,397.1,55.840811,49.066556,2.0,ул. коломенская
135,"ул. фатыха амирхана, 23",1997,99,1,18,6561.4,55.825851,49.132744,5.5,ул. фатыха амирхана
136,"ул. приволжская, 210",2021,698,17,8,35684.9,55.80099,48.953916,5.132352941176471,ул. приволжская
137,"ул. академика глушко, 43",2000,118,4,9,7667.65,55.787781,49.226914,3.2777777777777777,ул. академика глушко
138,"ул. космонавтов, 42а",2009,377,12,9,13157.8,55.796132,49.191323,3.490740740740741,ул. космонавтов
139,"ул. тунакова, 45 корпус 1",2017,72,1,9,3970.5,55.83208,49.084765,8.0,ул. тунакова
140,"ул. седова, 1",2010,340,2,17,9539.5,55.783134,49.17642,10.0,ул. седова
141,"ул. интернациональная, 29",1982,12,2,2,562.2,55.807643,49.269755,3.0,ул. интернациональная
142,"ул. минская, 48",2003,147,3,10,6336.67,55.771651,49.240389,4.9,ул. минская
143,"ул. карбышева, 35",1977,158,3,5,2989.7,55.753372,49.180947,10.533333333333331,ул. карбышева
144,"ул. парковая, 17",1971,90,6,5,3945.7,55.859761,49.223707,3.0,ул. парковая
145,"ул. олега кошевого, 6",1959,64,4,5,2528.8,55.854845,49.091241,3.2,ул. олега кошевого
146,"ул. сафиуллина, 30",1976,234,7,9,11729.0,55.748832,49.222827,3.7142857142857135,ул. сафиуллина
147,"ул. дубравная, 29а",2010,96,1,16,6575.6,55.741292,49.211625,6.0,ул. дубравная
148,"ул. галактионова, 3",2005,9,2,6,1595.59,55.793232,49.126617,0.75,ул. галактионова
149,"ул. маршала чуйкова, 29",1980,180,5,9,9834.3,55.83748,49.126024,4.0,ул. маршала чуйкова
150,"ул. восстания, 84",2001,99,2,9,4855.3,55.834229,49.055587,5.5,ул. восстания
151,"ул. бирюзовая, 3",1963,8,2,2,466.08,55.820051,48.892471,2.0,ул. бирюзовая
152,"ул. уфимская, 8",1958,4,2,2,319.1,55.807992,49.192419,1.0,ул. уфимская
153,"ул. баумана, 26",2001,23,4,4,1556.01,55.793951,49.107896,1.4375,ул. баумана
154,"ул. закиева, 24",2011,100,2,10,5896.3,55.775469,49.240254,5.0,ул. закиева
155,"ул. адоратского, 27",1984,242,7,9,12355.3,55.837045,49.146748,3.841269841269841,ул. адоратского
156,"ул. солидарности, 20",1977,54,1,9,1919.9,55.859564,49.229582,6.0,ул. солидарности
157,"ул. чистопольская, 85а",2008,222,7,14,13481.0,55.823656,49.155139,2.26530612244898,ул. чистопольская
158,"пр-кт ямашева, 98",1981,144,4,9,4720.7,55.828061,49.153144,4.0,пр-кт ямашева
159,"ул. хлебозаводская, 6",1980,27,1,3,1309.1,55.844172,49.048778,9.0,ул. хлебозаводская
160,"ул. груздева, 4",1967,64,4,5,2552.9,55.789522,49.145302,3.2,ул. груздева
161,"ул. модельная, 11",1961,24,2,3,967.49,55.747272,49.14073,4.0,ул. модельная
162,"ул. юлиуса фучика, 135",1989,71,2,9,3578.9,55.768593,49.230534,3.9444444444444446,ул. юлиуса фучика
163,"ул. волгоградская, 27",1963,80,4,5,3650.7,55.829825,49.08993,4.0,ул. волгоградская
164,"ул. короленко, 41",1973,96,6,5,3751.7,55.830119,49.100243,3.2,ул. короленко
165,"ул. окольная, 11",2011,138,2,10,7639.6,55.830695,49.056135,6.9,ул. окольная
166,"пр-кт победы, 142",1998,122,4,9,7885.88,55.779717,49.22289,3.388888888888889,пр-кт победы
167,"ул. петербургская, 65а",2013,84,1,17,1.0,55.777829,49.143182,4.941176470588236,ул. петербургская
168,"ул. саид-галеева, 3",1961,24,2,4,967.07,55.792908,49.098158,3.0,ул. саид-галеева
169,"ул. олега кошевого, 4",1959,80,4,5,3150.9,55.854653,49.089849,4.0,ул. олега кошевого
170,"ул. гарифьянова, 26",1974,76,4,5,3553.3,55.749866,49.199515,3.8,ул. гарифьянова
171,"ул. разведчика ахмерова, 5",2018,439,13,11,22104.0,55.797351,49.180687,3.0699300699300696,ул. разведчика ахмерова
172,"ул. фатыха амирхана, 5",2001,120,4,10,5613.2,55.821254,49.131288,3.0,ул. фатыха амирхана
173,"ул. авангардная, 157",1960,16,2,2,522.1,55.739939,49.145607,4.0,ул. авангардная
174,"ул. хайдара бигичева, 9",1999,144,4,9,7794.94,55.785058,49.222413,4.0,ул. хайдара бигичева
175,"ул. академика глушко, 22г",2009,128,1,17,7951.45,55.788641,49.230157,7.529411764705882,ул. академика глушко
176,"ул. академика завойского, 22",1982,180,5,9,5874.2,55.757435,49.23702,4.0,ул. академика завойского
177,"ул. чапаева, 43",1959,8,4,2,302.6,55.868006,49.083884,1.0,ул. чапаева
178,"ул. адоратского, 55",1986,89,1,9,3249.6,55.842585,49.145536,9.88888888888889,ул. адоратского
179,"ул. болотникова, 7",1971,111,6,5,4296.6,55.819808,49.052057,3.7,ул. болотникова
180,"ул. академика королева, 19",1974,59,2,9,2962.3,55.838951,49.083112,3.2777777777777777,ул. академика королева
181,"ул. шуртыгина, 24",1976,169,1,9,4101.6,55.789821,49.175746,18.77777777777778,ул. шуртыгина
182,"ул. восстания, 74",1967,80,4,5,3204.3,55.833718,49.065927,4.0,ул. восстания
183,"ул. академика глушко, 15",1999,204,5,10,10779.4,55.782962,49.234307,4.08,ул. академика глушко
184,"ул. александра попова, 11",1961,36,2,5,1437.6,55.809859,49.183436,3.6,ул. александра попова
185,"кул гали, 11/52а",1982,180,5,9,10644.0,55.751133,49.232636,4.0,кул гали
186,"ул. правды (дербышки), 25",1954,8,2,2,470.9,55.869183,49.220509,2.0,ул. правды (дербышки)
187,"ул. советская, 5",1949,8,1,2,475.0,55.817466,49.268802,4.0,ул. советская
188,"ул. коломенская, 9",1936,12,3,2,654.5,55.840149,49.065765,2.0,ул. коломенская
189,"ул. серова, 6 корпус 2",1983,210,6,9,10855.0,55.826448,49.062199,3.888888888888889,ул. серова
190,"ул. курчатова, 13",1968,79,4,5,2444.7,55.758463,49.167419,3.95,ул. курчатова
191,"ул. революционная, 77",2013,12,2,2,829.5,55.818695,48.909369,3.0,ул. революционная
192,"ул. рихарда зорге, 43",1974,144,4,9,4352.2,55.753924,49.204591,4.0,ул. рихарда зорге
193,"ул. блюхера, 81",1973,75,4,5,3380.0,55.828101,49.065765,3.75,ул. блюхера
194,"ул. академика глушко, 12а",2009,120,3,10,7700.1,55.782025,49.237541,4.0,ул. академика глушко
195,"ул. беломорская, 71а",1967,64,4,5,2571.9,55.866319,49.019565,3.2,ул. беломорская
196,"ул. волгоградская, 15",1963,80,4,5,3655.9,55.828202,49.088214,4.0,ул. волгоградская
197,"ул. осиновская, 31",1987,16,3,2,884.6,55.855553,48.888824,2.6666666666666665,ул. осиновская
198,"ул. залесная, 1д",2005,100,8,5,3371.62,55.846451,48.910087,2.5,ул. залесная
199,"ул. гарифьянова, 13",1972,90,6,5,3915.15,55.752009,49.200656,3.0,ул. гарифьянова
200,"ул. портовая, 15",1962,40,2,5,1605.7,55.771904,49.097323,4.0,ул. портовая
201,"ул. восстания, 106",1957,18,2,3,946.23,55.831772,49.051545,3.0,ул. восстания
202,"ул. маршала чуйкова, 69",1985,350,10,9,17565.1,55.836292,49.144673,3.888888888888889,ул. маршала чуйкова
203,"ул. братьев касимовых, 34",1971,90,6,5,3887.4,55.755591,49.195141,3.0,ул. братьев касимовых
204,"военный городок-2, 44",1940,12,1,2,802.25,55.75287,49.156675,6.0,военный городок-2
205,"ул. академика арбузова, 19",2005,72,6,5,4018.4,55.812449,49.200324,2.4,ул. академика арбузова
206,"ул. лядова, 9",1950,140,7,5,7757.2,55.852303,49.0788,4.0,ул. лядова
207,"пр-кт ямашева, 75",1994,170,4,10,4791.2,55.826331,49.138699,4.25,пр-кт ямашева
208,"ул. максимова, 1а",2012,72,2,9,4889.4,55.859453,49.099856,4.0,ул. максимова
209,"ул. северополюсная, 26а",1958,20,10,2,655.0,55.871466,49.083184,1.0,ул. северополюсная
210,"ул. николая ершова, 66в",2020,459,13,11,22996.4,55.798384,49.182115,3.2097902097902096,ул. николая ершова
211,"ул. наиля юсупова, 8",2020,255,3,20,14682.2,55.857634,48.896316,4.25,ул. наиля юсупова
212,"ул. восстания, 105",2005,153,4,14,9638.5,55.832616,49.057384,2.732142857142857,ул. восстания
213,"ул. главная, 48",1960,24,3,3,1303.0,55.863985,49.226222,2.6666666666666665,ул. главная
214,"ул. короленко, 31а",1971,54,1,9,1812.1,55.827904,49.10044,6.0,ул. короленко
215,"ул. восстания, 81",1966,100,5,5,3462.2,55.8325,49.064148,4.0,ул. восстания
216,"ул. безоблачная, 5",2014,40,2,5,1834.0,55.711863,49.186436,4.0,ул. безоблачная
217,"ул. гагарина, 12а",1958,80,4,5,3157.5,55.839871,49.095122,4.0,ул. гагарина
218,"пр-кт ямашева, 35а",2010,206,4,14,13243.3,55.825492,49.112505,3.678571428571429,пр-кт ямашева
219,"пр-кт ибрагимова, 37",1960,28,3,5,2816.83,55.833562,49.091592,1.8666666666666667,пр-кт ибрагимова
220,"ул. гвардейская, 46 корпус 1",1964,80,4,5,3159.6,55.779651,49.171317,4.0,ул. гвардейская
221,"ул. восстания, 115",1968,70,4,5,3167.1,55.831221,49.053297,3.5,ул. восстания
222,"ул. интернациональная, 38",1991,27,3,3,1321.3,55.807946,49.271066,3.0,ул. интернациональная
223,"ул. академика королева, 51",1939,12,3,2,644.0,55.838925,49.065217,2.0,ул. академика королева
224,"ул. тунакова, 45а",1959,54,4,3,2330.7,55.831787,49.083624,4.5,ул. тунакова
225,"военный городок-32, 33",1978,18,2,2,888.6,55.80694,48.961902,4.5,военный городок-32
226,"ул. октябрьская, 21",1962,48,3,5,2028.6,55.840871,49.092975,3.2,ул. октябрьская
227,"ул. интернациональная, 18",1972,16,2,2,672.3,55.806975,49.267904,4.0,ул. интернациональная
228,"ул. батыршина, 37",1978,180,5,9,9605.5,55.823232,49.064373,4.0,ул. батыршина
229,"ул. меридианная, 2",2008,186,4,24,21069.5,55.81737,49.116628,1.9375,ул. меридианная
230,"ул. урицкого, 10",1928,4,1,2,165.2,55.800919,49.057276,2.0,ул. урицкого
231,"ул. натана рахлина, 13",2016,252,3,19,14225.9,55.803368,49.240254,4.421052631578948,ул. натана рахлина
232,"ул. академика королева, 30",2002,28,2,5,1764.4,55.839577,49.065774,2.8,ул. академика королева
233,"ул. большая, 2",1984,98,1,14,4577.0,55.749674,49.298132,7.0,ул. большая
234,"ул. баумана, 9",2016,60,7,5,7610.6,55.792594,49.11148,1.7142857142857142,ул. баумана
235,"ул. качалова, 120",1987,62,4,5,2966.7,55.771115,49.15089,3.1,ул. качалова
236,"пр-кт ибрагимова, 61",1977,250,5,9,11479.4,55.825062,49.095724,5.555555555555555,пр-кт ибрагимова
237,"ул. ильича, 38",1954,37,3,4,1864.63,55.821841,48.898723,3.083333333333333,ул. ильича
238,"ул. космонавтов, 51",2002,167,3,10,8466.2,55.797655,49.193506,5.566666666666666,ул. космонавтов
239,"ул. чингиза айтматова, 8",2010,107,1,18,6553.9,55.764303,49.234765,5.944444444444445,ул. чингиза айтматова
240,"ул. гагарина, 2а",1958,80,4,5,3161.9,55.840447,49.099111,4.0,ул. гагарина
241,"ул. ильича, 42",1993,12,1,3,567.9,55.822473,48.899182,4.0,ул. ильича
242,"ул. 2-я старо-аракчинская, 41д",2015,95,5,6,5830.0,55.800944,48.958372,3.1666666666666665,ул. 2-я старо-аракчинская
243,"ул. маршала чуйкова, 24",1972,79,4,5,3513.1,55.834649,49.124138,3.95,ул. маршала чуйкова
244,"ул. нурсултана назарбаева, 56",1972,133,2,9,2882.2,55.77352,49.136346,7.388888888888889,ул. нурсултана назарбаева
245,"пр-кт альберта камалеева, 34",2017,342,5,23,20780.2,55.783731,49.195527,2.973913043478261,пр-кт альберта камалеева
246,"ул. космонавтов, 6",1963,59,3,5,2494.0,55.801076,49.187307,3.9333333333333336,ул. космонавтов
247,"ул. индустриальная, 5",1947,12,3,2,791.68,55.855659,49.081791,2.0,ул. индустриальная
248,"ул. патриса лумумбы, 50",2014,49,1,10,4338.1,55.793272,49.182007,4.9,ул. патриса лумумбы
249,"ул. столярова, 7",2002,30,2,5,3112.7,55.798707,49.064579,3.0,ул. столярова
250,"ул. тансык, 7",2017,340,4,18,19164.3,55.867228,48.877945,4.722222222222222,ул. тансык
251,"октябрьский городок, 1/151",1999,25,2,6,3439.1,55.795555,49.177507,2.083333333333333,октябрьский городок
252,"ул. октябрьская, 10",1963,80,4,5,3501.0,55.837793,49.096344,4.0,ул. октябрьская
253,"ул. халева, 3",1965,100,5,5,3418.2,55.767377,49.156675,4.0,ул. халева
254,"ул. богатырева, 2/5",1940,50,7,4,3509.66,55.815554,49.057402,1.7857142857142858,ул. богатырева
255,"ул. некрасова, 19",2014,34,2,5,1.0,55.789315,49.129842,3.4,ул. некрасова
256,"ул. столярова, 15",2000,120,3,10,3843.3,55.797908,49.06016,4.0,ул. столярова
257,"ул. закиева, 15",1996,108,3,9,5741.5,55.776482,49.228567,4.0,ул. закиева
258,"ул. гаванская, 69",1960,8,1,2,276.6,55.81694,48.916986,4.0,ул. гаванская
259,"ул. волкова, 2",1961,32,2,4,1243.8,55.781843,49.133849,4.0,ул. волкова
260,"ул. краснококшайская, 170",1965,100,5,5,3388.9,55.82091,49.056117,4.0,ул. краснококшайская
261,"ул. галиаскара камала (кадышево), 11",1980,16,2,2,654.2,55.784506,49.109702,4.0,ул. галиаскара камала (кадышево)
262,"ул. гвардейская, 37 корпус 15",1966,24,1,3,641.8,55.783878,49.172889,8.0,ул. гвардейская
263,"ул. академика павлова, 17",1981,144,1,9,5599.9,55.864227,49.099551,16.0,ул. академика павлова
264,"ул. ноксинский спуск, 15",1995,78,2,10,4320.6,55.770036,49.235888,3.9,ул. ноксинский спуск
265,"ул. батыршина, 21",1976,144,4,9,7769.5,55.824066,49.058758,4.0,ул. батыршина
266,"ул. бирюзовая, 17",1963,39,2,5,1526.5,55.81953,48.886201,3.9,ул. бирюзовая
267,"ул. фатыха амирхана, 31",1979,94,1,14,4480.5,55.828794,49.132537,6.714285714285714,ул. фатыха амирхана
268,"ул. адоратского, 52",1989,89,1,9,3201.9,55.842605,49.148329,9.88888888888889,ул. адоратского
269,"ул. некрасова, 29",2010,44,3,8,3975.4,55.789618,49.130965,1.8333333333333333,ул. некрасова
270,"ул. рихарда зорге, 93а",1977,198,6,9,10634.0,55.747034,49.219449,3.6666666666666665,ул. рихарда зорге
271,"ул. хороводная, 50",2009,182,6,7,13361.7,55.782041,49.159801,4.333333333333333,ул. хороводная
272,"ул. чистопольская, 5",1992,312,10,9,17377.5,55.819484,49.10159,3.466666666666667,ул. чистопольская
273,"ул. ярослава гашека, 6",1958,20,10,2,639.9,55.839552,49.10919,1.0,ул. ярослава гашека
274,"ул. адоратского, 27а",1985,139,4,9,7513.1,55.837813,49.145904,3.861111111111111,ул. адоратского
275,"ул. горьковское шоссе, 15",2011,126,3,10,7328.3,55.825158,49.037585,4.2,ул. горьковское шоссе
276,"ул. бехтерева, 9а",2016,146,7,9,13864.3,55.799674,49.119359,2.3174603174603177,ул. бехтерева
277,"военный городок-32, 3а",1965,3,1,1,271.1,55.806348,48.966331,3.0,военный городок-32
278,"ул. чистопольская, 32",2005,98,7,5,7314.5,55.818361,49.119772,2.8,ул. чистопольская
279,"ул. хлебозаводская, 3а",1960,8,1,2,290.0,55.842908,49.049488,4.0,ул. хлебозаводская
280,"ул. дуслык, 4",2002,46,2,6,2574.76,55.795327,49.226438,3.8333333333333335,ул. дуслык
281,"ул. короленко, 35а",1976,80,6,5,4993.2,55.828657,49.100234,2.666666666666667,ул. короленко
282,"ул. урицкого, 6",1928,4,1,2,167.2,55.801556,49.057034,2.0,ул. урицкого
283,"ул. патриса лумумбы, 47",1953,39,1,2,973.2,55.794143,49.185627,19.5,ул. патриса лумумбы
284,"ул. правды (дербышки), 23",1954,15,2,2,669.9,55.868925,49.221048,3.75,ул. правды (дербышки)
285,"ул. рихарда зорге, 97",1981,160,5,9,8636.4,55.744429,49.219772,3.555555555555556,ул. рихарда зорге
286,"ул. ломжинская, 4",1991,117,3,10,6307.1,55.7664,49.223572,3.9,ул. ломжинская
287,"ул. воровского, 11",1962,80,4,5,3650.5,55.842448,49.090693,4.0,ул. воровского
288,"ул. ново-караваевская, 3а",1958,8,4,2,293.9,55.869556,49.085645,1.0,ул. ново-караваевская
289,"ул. мусина, 72",1984,140,4,9,7659.0,55.839117,49.122179,3.888888888888889,ул. мусина
290,"пр-кт ибрагимова, 36",1965,80,4,5,3689.0,55.829173,49.091736,4.0,пр-кт ибрагимова
291,"ул. чистопольская, 74",2008,176,5,9,10810.8,55.818953,49.138098,3.911111111111112,ул. чистопольская
292,"ул. айдарова, 116",1975,68,4,5,3096.19,55.87087,49.052299,3.4,ул. айдарова
293,"ул. лушникова, 9",1970,82,4,5,3611.82,55.820298,49.082689,4.1,ул. лушникова
294,"ул. ново-азинская, 19",1956,8,1,2,384.2,55.809166,49.195545,4.0,ул. ново-азинская
295,"ул. голубятникова, 13",1990,160,4,10,8504.8,55.838723,49.104788,4.0,ул. голубятникова
296,"ул. минская, 41",2003,99,2,10,4237.75,55.772755,49.240227,4.95,ул. минская
297,"ул. кольцевая, 9",1946,3,1,1,173.7,55.857518,49.080587,3.0,ул. кольцевая
298,"ул. гудованцева, 41",1975,80,4,5,2413.0,55.873051,49.019403,4.0,ул. гудованцева
299,"ул. хади такташа, 101",1968,64,4,5,2561.8,55.771413,49.130929,3.2,ул. хади такташа
300,"ул. академика глушко, 23",2000,180,5,9,6000.7,55.787315,49.230058,4.0,ул. академика глушко
301,"пр-кт альберта камалеева, 32б",2020,435,6,20,20444.5,55.782947,49.191709,3.625,пр-кт альберта камалеева
302,"ул. меридианная, 8",2003,160,1,16,6847.07,55.819899,49.116242,10.0,ул. меридианная
303,"ул. горьковское шоссе, 41",1961,76,4,5,3247.6,55.825998,49.030237,3.8,ул. горьковское шоссе
304,"ул. лукина, 42а",1960,8,1,2,379.9,55.865025,49.092715,4.0,ул. лукина
305,"ул. восход, 16",2014,517,10,20,38351.0,55.832303,49.073895,2.585,ул. восход
306,"ул. юлиуса фучика, 107",1981,177,5,9,9664.53,55.755591,49.229654,3.933333333333333,ул. юлиуса фучика
307,"ул. рауиса гареева, 4",2013,216,3,18,10000.0,55.727825,49.186193,4.0,ул. рауиса гареева
308,"ул. чапаева, 28",2010,78,4,6,3212.9,55.867965,49.08534,3.25,ул. чапаева
309,"ул. академика кирпичникова, 2/9",1962,44,2,5,2260.91,55.804845,49.188834,4.4,ул. академика кирпичникова
310,"ул. правды (дербышки), 21а",1990,80,2,10,4318.1,55.868051,49.221731,4.0,ул. правды (дербышки)
311,"ул. академика кирпичникова, 25",1961,39,3,5,2120.7,55.813582,49.183885,2.6,ул. академика кирпичникова
312,"ул. островского, 86",2001,25,2,5,1906.0,55.781231,49.129716,2.5,ул. островского
313,"ул. меридианная, 14",2004,93,5,6,5327.4,55.821087,49.117885,3.1,ул. меридианная
314,"ул. габдуллы кариева, 8",2009,112,1,16,6208.2,55.78528,49.187128,7.0,ул. габдуллы кариева
315,"ул. восстания, 67",1966,30,2,4,1201.1,55.832313,49.069017,3.75,ул. восстания
316,"ул. гудованцева, 33",1971,56,4,5,1809.6,55.872056,49.020131,2.8,ул. гудованцева
317,"ул. лево-булачная, 50",1996,22,3,5,2029.4,55.7865,49.114095,1.4666666666666666,ул. лево-булачная
318,"ул. горьковское шоссе, 8",1962,40,2,5,1620.8,55.826068,49.037495,4.0,ул. горьковское шоссе
319,"ул. тунакова, 64",1955,61,3,3,1322.5,55.835296,49.084441,6.777777777777778,ул. тунакова
320,"ул. рихарда зорге, 1",1970,230,4,9,11140.2,55.763604,49.179285,6.388888888888889,ул. рихарда зорге
321,"ул. каштановая, 4",1959,16,2,2,643.4,55.865197,49.228441,4.0,ул. каштановая
322,"ул. некрасова, 26",2006,23,5,5,1890.6,55.788485,49.129411,0.92,ул. некрасова
323,"ул. четаева, 43",1998,117,3,10,6363.34,55.823849,49.114616,3.9,ул. четаева
324,"ул. комиссара габишева, 23",1983,360,10,9,19979.09,55.752931,49.238089,4.0,ул. комиссара габишева
325,"ул. чистопольская, 88",2021,625,7,22,42504.1,55.81871,49.146461,4.058441558441559,ул. чистопольская
326,"пр-кт победы, 34",1987,324,10,9,18983.1,55.745873,49.203495,3.6,пр-кт победы
327,"ул. волгоградская, 19",1964,78,4,5,3587.8,55.829087,49.089903,3.9,ул. волгоградская
328,"ул. тимирязева, 10/2",1942,53,6,5,4010.91,55.851293,49.07624,1.7666666666666668,ул. тимирязева
329,"ул. шамиля усманова, 11а",1970,70,4,5,3333.8,55.827464,49.074371,3.5,ул. шамиля усманова
330,"ул. техническая, 35",1976,152,2,5,2314.0,55.757207,49.129249,15.2,ул. техническая
331,"ул. академика павлова, 15",1983,142,1,9,5555.4,55.863616,49.099308,15.77777777777778,ул. академика павлова
332,"ул. черноморская, 11",1977,56,4,5,2677.5,55.820809,49.103575,2.8,ул. черноморская
333,"ул. академика королева, 42",1958,12,2,2,662.3,55.839835,49.062136,3.0,ул. академика королева
334,"ул. восстания, 129",2013,370,5,16,22649.4,55.830129,49.048419,4.625,ул. восстания
335,"ул. япеева, 19",2002,34,4,5,4134.9,55.801516,49.116161,1.7,ул. япеева
336,"ул. главная, 71",1960,44,3,4,1827.3,55.867056,49.217616,3.6666666666666665,ул. главная
337,"ул. четаева, 9",1991,120,3,10,6416.0,55.824799,49.138098,4.0,ул. четаева
338,"ул. адоратского, 2",2003,208,12,9,17454.3,55.821133,49.147701,1.9259259259259256,ул. адоратского
339,"пр-кт ибрагимова, 22",1962,80,4,5,3660.7,55.836191,49.088582,4.0,пр-кт ибрагимова
340,"кул гали, 12",1990,96,1,9,4461.5,55.750413,49.230381,10.666666666666666,кул гали
341,"ул. амирхана еники, 6/1",1917,9,2,2,393.6,55.783013,49.152776,2.25,ул. амирхана еники
342,"ул. космонавтов, 29в",1989,70,1,5,2601.1,55.801081,49.193694,14.0,ул. космонавтов
343,"ул. залесная, 2а",1989,251,12,5,11767.1,55.848635,48.915944,4.183333333333334,ул. залесная
344,"ул. мазита гафури, 3",1967,80,4,5,3638.7,55.772061,49.103315,4.0,ул. мазита гафури
345,"ул. чистопольская, 33",1996,160,4,10,8984.9,55.820389,49.122045,4.0,ул. чистопольская
346,"кул гали, 7а",1998,100,3,10,7022.6,55.754512,49.226591,3.333333333333333,кул гали
347,"ул. хлебозаводская, 12",1962,14,2,2,366.5,55.843828,49.049811,3.5,ул. хлебозаводская
348,"ул. восстания, 21",1959,30,3,5,2993.62,55.83478,49.094619,2.0,ул. восстания
349,"ул. окольная, 18",1966,80,4,5,3515.8,55.824157,49.040541,4.0,ул. окольная
350,"ул. фатыха амирхана, 17",2000,138,4,9,4011.2,55.822908,49.132654,3.8333333333333335,ул. фатыха амирхана
351,"пр-кт ямашева, 18",1964,80,4,5,2432.2,55.827712,49.089822,4.0,пр-кт ямашева
352,"ул. восстания, 13",1965,80,4,5,3612.9,55.834937,49.097161,4.0,ул. восстания
353,"ул. ноксинский спуск, 14а",2007,128,1,16,6430.5,55.76838,49.238412,8.0,ул. ноксинский спуск
354,"ул. хусаина мавлютова, 10",1971,119,8,5,3662.7,55.75514,49.187199,2.975,ул. хусаина мавлютова
355,"ул. юлиуса фучика, 119",1992,80,2,10,4370.5,55.762829,49.229438,4.0,ул. юлиуса фучика
356,"ул. болотникова, 3",1964,78,4,5,3253.5,55.818589,49.055578,3.9,ул. болотникова
357,"ул. гудованцева, 49",1974,80,4,5,3656.5,55.878879,49.019448,4.0,ул. гудованцева
358,"ул. пушкина, 58",1952,26,2,4,1519.2,55.795545,49.1258,3.25,ул. пушкина
359,"ул. хибинская, 24",2010,128,1,16,6597.3,55.847609,48.902478,8.0,ул. хибинская
360,"ул. интернациональная, 9а корпус 2",2016,50,2,5,2748.8,55.807815,49.265425,5.0,ул. интернациональная
361,"ул. фурманова, 27",1954,60,2,3,1779.82,55.836292,49.086687,10.0,ул. фурманова
362,"ул. александра попова, 13",1961,39,2,5,1525.3,55.810041,49.184738,3.9,ул. александра попова
363,"ул. академика королева, 57",1946,2,2,1,103.7,55.838703,49.063484,1.0,ул. академика королева
364,"ул. столярова, 35",1967,49,3,5,1989.3,55.798419,49.063735,3.2666666666666666,ул. столярова
365,"ул. липатова, 2а",1985,72,2,9,3862.4,55.873339,49.226851,4.0,ул. липатова
366,"ул. толстого, 18",1964,77,4,5,3145.9,55.800463,49.140451,3.85,ул. толстого
367,"ул. советская, 12 корпус 8",1940,7,2,2,471.5,55.869708,49.2281,1.75,ул. советская
368,"ул. азата аббасова, 5",2019,198,1,20,8614.0,55.793485,49.24824,9.9,ул. азата аббасова
369,"ул. братьев касимовых, 40",1974,144,4,9,7088.56,55.756108,49.201752,4.0,ул. братьев касимовых
370,"ул. четаева, 56",2000,49,4,5,6207.6,55.821295,49.118622,2.45,ул. четаева
371,"ул. сибгата хакима, 37",2008,208,6,9,10879.6,55.81737,49.137208,3.851851851851852,ул. сибгата хакима
372,"ул. дубравная, 49а",2005,80,2,9,3785.4,55.739047,49.197943,4.444444444444445,ул. дубравная
373,"ул. аметьевская магистраль, 6а",2017,146,4,11,6933.2,55.771403,49.173222,3.3181818181818183,ул. аметьевская магистраль
374,"ул. академика кирпичникова, 15",1960,83,4,5,3323.8,55.810749,49.184406,4.15,ул. академика кирпичникова
375,"пр-кт победы, 134",1998,110,3,10,6689.51,55.779494,49.224767,3.6666666666666665,пр-кт победы
376,"ул. парковая, 19",1972,90,6,5,3907.2,55.859372,49.224039,3.0,ул. парковая
377,"ул. адоратского, 1б",2017,427,6,18,30839.1,55.821143,49.145248,3.953703703703704,ул. адоратского
378,"ул. юлиуса фучика, 8",2000,93,1,16,5332.8,55.742919,49.202237,5.8125,ул. юлиуса фучика
379,"ул. щапова, 4",2014,37,1,7,3027.4,55.789654,49.125701,5.285714285714286,ул. щапова
380,"ул. касаткина, 20",2006,33,3,9,4812.4,55.800838,49.123877,1.2222222222222223,ул. касаткина
381,"ул. тверская, 2",1958,40,4,5,2492.3,55.82663,49.082537,2.0,ул. тверская
382,"ул. лейтенанта красикова, 3/27",1959,45,4,4,2372.7,55.820379,48.896693,2.8125,ул. лейтенанта красикова
383,"ул. татарстан, 60",1964,60,3,5,1732.3,55.778887,49.107492,4.0,ул. татарстан
384,"ул. мазита гафури, 9 корпус 2",2016,88,1,10,2258.2,55.769342,49.104447,8.8,ул. мазита гафури
385,"ул. баки урманче, 1",2014,416,10,19,27332.8,55.733411,49.179258,2.1894736842105265,ул. баки урманче
386,"ул. зилантовская, 22/15",2017,425,5,20,24171.9,55.865697,48.87128,4.25,ул. зилантовская
387,"ул. восстания, 123а",1993,137,1,9,4682.5,55.830058,49.051374,15.22222222222222,ул. восстания
388,"ул. ноксинский спуск, 16",2004,160,4,10,4916.7,55.768846,49.239212,4.0,ул. ноксинский спуск
389,"ул. комарова, 8",1970,56,5,5,2682.7,55.757283,49.171003,2.24,ул. комарова
390,"ул. четаева, 5а",2010,32,1,9,2588.6,55.825553,49.140092,3.555555555555556,ул. четаева
391,"пр-кт победы, 30/3",1995,126,4,9,8128.1,55.742134,49.197099,3.5,пр-кт победы
392,"ул. выборгская, 3",1992,120,3,10,3890.6,55.843222,49.035761,4.0,ул. выборгская
393,"ул. декабристов, 117",1955,64,4,5,3961.0,55.822974,49.08657,3.2,ул. декабристов
394,"ул. восстания, 42",1953,92,12,4,6328.3,55.833749,49.079366,1.9166666666666667,ул. восстания
395,"ул. баки урманче, 5",2016,661,11,23,40773.6,55.732124,49.177129,2.612648221343873,ул. баки урманче
396,"ул. гаванская, 59",1960,8,1,2,316.2,55.816581,48.915046,4.0,ул. гаванская
397,"ул. шаляпина, 12",2008,62,2,9,3676.66,55.774644,49.145967,3.4444444444444446,ул. шаляпина
398,"научный, 2",1974,70,4,5,3132.2,55.885903,49.269791,3.5,научный
399,"ул. челюскина, 38",2003,60,3,5,3066.0,55.864035,49.078836,4.0,ул. челюскина
400,"ул. туганлык, 12",2002,85,3,7,4256.14,55.794052,49.229546,4.047619047619048,ул. туганлык
401,"ул. побежимова, 57",1985,144,1,9,4828.0,55.860403,49.073976,16.0,ул. побежимова
402,"ул. гвардейская, 16б",2004,132,4,9,10518.2,55.790555,49.169548,3.6666666666666665,ул. гвардейская
403,"ул. ломжинская, 18",1991,240,6,10,12886.66,55.765802,49.227085,4.0,ул. ломжинская
404,"ул. адоратского, 10",1981,214,6,9,11244.3,55.830695,49.148231,3.962962962962963,ул. адоратского
405,"ул. гладилова, 56",1950,31,1,3,910.75,55.812524,49.06625,10.333333333333334,ул. гладилова
406,"ул. бондаренко, 17",1972,80,4,5,3606.9,55.823044,49.104474,4.0,ул. бондаренко
407,"ул. касаткина, 20а",2011,23,3,6,2990.9,55.801485,49.123221,1.277777777777778,ул. касаткина
408,"ул. ленинградская, 49а",1959,16,8,2,664.2,55.86839,49.088223,1.0,ул. ленинградская
409,"ул. фатыха карима, 27",2007,28,1,6,2743.9,55.776781,49.110968,4.666666666666667,ул. фатыха карима
410,"ул. гарифьянова, 2",1990,102,3,10,5631.0,55.750525,49.192419,3.4,ул. гарифьянова
411,"ул. халезова, 22б",1964,48,3,4,1982.5,55.865202,49.216413,4.0,ул. халезова
412,"ул. высокогорская, 1",1963,8,1,2,274.0,55.84539,49.216862,4.0,ул. высокогорская
413,"ул. карима тинчурина, 15",1962,80,4,5,3642.6,55.775327,49.108777,4.0,ул. карима тинчурина
414,"пр-кт победы, 184",2003,132,1,19,6285.28,55.791977,49.221228,6.947368421052632,пр-кт победы
415,"ул. каспийская, 2",1955,8,2,2,382.9,55.807107,49.19223,2.0,ул. каспийская
416,"ул. тулпар, 4",2017,188,1,20,10558.2,55.785043,49.190371,9.4,ул. тулпар
417,"ул. повстанческая, 10",1962,25,2,4,1281.23,55.818543,49.062585,3.125,ул. повстанческая
418,"ул. четаева, 20",1993,160,4,10,8207.9,55.823393,49.131181,4.0,ул. четаева
419,"ул. мира, 16а",1975,54,1,9,1887.3,55.866687,49.228441,6.0,ул. мира
420,"ул. северополюсная, 28а",1958,8,4,2,298.6,55.871294,49.082447,1.0,ул. северополюсная
421,"ул. латышских стрелков, 25а",1987,94,1,14,4597.8,55.758868,49.166143,6.714285714285714,ул. латышских стрелков
422,"ул. белинского, 41",1974,80,4,5,3655.5,55.852733,49.069871,4.0,ул. белинского
423,"ул. патриса лумумбы, 34",1960,16,2,2,623.1,55.793024,49.175189,4.0,ул. патриса лумумбы
424,"ул. космонавтов, 16а",1969,70,4,5,3174.1,55.798591,49.189966,3.5,ул. космонавтов
425,"ул. минская, 56",2003,160,4,10,8555.27,55.770006,49.244476,4.0,ул. минская
426,"ул. залесная, 24",1960,8,2,2,282.5,55.848766,48.9075,2.0,ул. залесная
427,"ул. лукина, 15",1991,240,6,10,12894.7,55.863874,49.090217,4.0,ул. лукина
428,"ул. октябрьская, 19",1960,76,4,5,3041.6,55.840194,49.093272,3.8,ул. октябрьская
429,"ул. красной позиции, 35",1966,80,4,5,3227.6,55.781145,49.166475,4.0,ул. красной позиции
430,"ул. гвардейская, 61",1995,160,4,10,8702.6,55.769504,49.17871,4.0,ул. гвардейская
431,"ул. таежная, 1",1965,8,2,2,343.5,55.842691,49.230202,2.0,ул. таежная
432,"ул. магистральная, 4",1970,27,1,2,556.9,55.756594,49.105129,13.5,ул. магистральная
433,"ул. генерала ерина, 13 корпус 1",2018,74,3,6,4498.8,55.680605,49.192473,4.111111111111112,ул. генерала ерина
434,"ул. мусина, 55",1972,80,4,5,3641.12,55.833167,49.121649,4.0,ул. мусина
435,"ул. шамиля усманова, 33 корпус 2",1967,80,4,5,2508.3,55.830933,49.064822,4.0,ул. шамиля усманова
436,"ул. закиева, 37б",1997,72,2,9,3853.82,55.777996,49.228774,4.0,ул. закиева
437,"ул. мусина, 70",1980,215,6,9,11724.4,55.838329,49.121335,3.981481481481482,ул. мусина
438,"ул. сулеймановой, 5",2002,35,3,6,3154.7,55.813359,49.089804,1.9444444444444444,ул. сулеймановой
439,"ул. оренбургский тракт, 138б",1994,128,1,9,4225.2,55.728773,49.187577,14.22222222222222,ул. оренбургский тракт
440,"ул. восстания, 28",1963,60,3,5,2377.6,55.834826,49.088816,4.0,ул. восстания
441,"ул. космонавтов, 49а",1990,96,4,5,5298.6,55.79973,49.193721,4.8,ул. космонавтов
442,"ул. минская, 6",1990,144,4,9,7750.6,55.771084,49.223213,4.0,ул. минская
443,"ул. повстанческая, 1а",1962,37,3,3,1103.8,55.819752,49.060654,4.111111111111112,ул. повстанческая
444,"ул. железнодорожников, 7",1938,10,2,2,542.3,55.821006,48.887719,2.5,ул. железнодорожников
445,"ул. гагарина, 103",1956,52,4,4,3164.8,55.836838,49.076276,3.25,ул. гагарина
446,"ул. мусина, 61а",1977,109,3,9,5913.7,55.831378,49.121578,4.037037037037037,ул. мусина
447,"ул. маршрутная, 17 корпус 1",2019,367,9,9,18472.2,55.821765,49.035699,4.530864197530864,ул. маршрутная
448,"ул. товарищеская, 16",1973,70,4,5,3163.4,55.78815,49.156639,3.5,ул. товарищеская
449,"ул. рихарда зорге, 53",1974,144,4,9,4704.3,55.752627,49.207061,4.0,ул. рихарда зорге
450,"ул. минская, 52",2003,234,6,10,12975.03,55.770547,49.242509,3.9,ул. минская
451,"ул. дубравная, 23",1989,320,8,10,17020.48,55.739291,49.213502,4.0,ул. дубравная
452,"ул. восстания, 127",2007,180,2,14,11371.8,55.82975,49.049245,6.428571428571429,ул. восстания
453,"ул. ипподромная, 31",1912,4,1,2,131.1,55.770892,49.14506,2.0,ул. ипподромная
454,"ул. хади такташа, 91",1967,80,4,5,3661.2,55.772755,49.13074,4.0,ул. хади такташа
455,"ул. лукина, 52",2015,158,4,10,4957.1,55.869223,49.094772,3.95,ул. лукина
456,"ул. лукина, 1",1951,27,1,2,736.25,55.859049,49.089068,13.5,ул. лукина
457,"ул. белинского, 29",1970,60,4,5,2625.8,55.852682,49.068325,3.0,ул. белинского
458,"ул. побежимова, 57а",1994,124,2,9,5413.2,55.859852,49.073679,6.888888888888889,ул. побежимова
459,"ул. модельная, 6",1971,69,4,5,3228.8,55.748756,49.139822,3.45,ул. модельная
460,"ул. чишмяле, 13",1991,156,4,10,8966.1,55.763513,49.225037,3.9,ул. чишмяле
461,"ул. горьковское шоссе, 12",1962,60,3,5,2540.2,55.826048,49.0394,4.0,ул. горьковское шоссе
462,"ул. каштановая, 19/16",1961,18,2,2,700.3,55.86203,49.22607,4.5,ул. каштановая
463,"ул. октябрьская, 21б",1978,86,1,5,2011.26,55.840674,49.090172,17.2,ул. октябрьская
464,"ул. гаврилова, 10",1983,144,4,9,4693.7,55.83073,49.158732,4.0,ул. гаврилова
465,"ул. четаева, 48",1995,160,4,10,9025.8,55.821912,49.122072,4.0,ул. четаева
466,"ул. абубекира терегулова, 8б",2016,80,1,20,7097.9,55.736513,49.207034,4.0,ул. абубекира терегулова
467,"ул. гавриила державина, 3 корпус 4",2018,330,3,20,14551.8,55.845051,48.906997,5.5,ул. гавриила державина
468,"ул. горького, 6а",1951,10,2,3,713.4,55.794062,49.126949,1.6666666666666667,ул. горького
469,"ул. право-булачная, 7",1993,12,1,3,643.5,55.79429,49.106153,4.0,ул. право-булачная
470,"ул. восстания, 49",1957,185,12,7,11529.36,55.832697,49.077434,2.202380952380952,ул. восстания
471,"ул. гагарина, 51",1965,80,4,5,2437.6,55.839673,49.103468,4.0,ул. гагарина
472,"ул. минская, 26а",2004,120,3,10,8335.1,55.771489,49.227731,4.0,ул. минская
473,"ул. челюскина, 40/15",2003,100,5,5,5205.3,55.864889,49.079303,4.0,ул. челюскина
474,"ул. айдарова, 25",1951,123,2,2,847.2,55.868546,49.083732,30.75,ул. айдарова
475,"ул. островского, 88",1955,32,2,5,1685.2,55.780886,49.130309,3.2,ул. островского
476,"ул. джаудата файзи, 1",2001,49,1,10,2115.02,55.789735,49.22792,4.9,ул. джаудата файзи
477,"ул. сибирский тракт, 16",1968,62,4,5,3632.3,55.80997,49.182654,3.1,ул. сибирский тракт
478,"ул. академика лаврентьева, 20",1983,252,7,9,13443.2,55.831509,49.154878,4.0,ул. академика лаврентьева
479,"ул. нурсултана назарбаева, 78",1966,100,5,5,3408.4,55.770628,49.132528,4.0,ул. нурсултана назарбаева
480,"пр-кт победы, 62/1",1981,96,1,14,4651.2,55.751822,49.214957,6.857142857142857,пр-кт победы
481,"ул. комиссара габишева, 17",1984,90,1,9,3210.4,55.747556,49.235861,10.0,ул. комиссара габишева
482,"ул. октябрьская, 23",1959,76,4,5,3090.1,55.841539,49.092652,3.8,ул. октябрьская
483,"ул. химиков, 35",1967,133,3,5,2739.09,55.87041,49.0166,8.866666666666667,ул. химиков
484,"ул. кулахметова, 17 корпус 4",2003,98,3,10,3776.8,55.825725,49.054294,3.2666666666666666,ул. кулахметова
485,"ул. рихарда зорге, 57/29",1983,201,7,9,11685.6,55.751386,49.207897,3.1904761904761907,ул. рихарда зорге
486,"пр-кт ибрагимова, 30",1951,10,2,2,853.0,55.833279,49.089975,2.5,пр-кт ибрагимова
487,"ул. академика кирпичникова, 24",1965,39,2,5,1530.5,55.812135,49.185232,3.9,ул. академика кирпичникова
488,"дорожный (малые клыки) пер., 6",1993,86,3,5,2941.8,55.800554,49.213008,5.733333333333333,дорожный (малые клыки) пер.
489,"ул. восстания, 60",2003,55,5,5,7249.0,55.833567,49.070508,2.2,ул. восстания
490,"ул. академика королева, 59",1941,12,1,2,582.5,55.838673,49.062783,6.0,ул. академика королева
491,"ул. тихомирнова, 11",2009,69,2,9,3139.4,55.780304,49.139733,3.8333333333333335,ул. тихомирнова
492,"ул. ноксинский спуск, 7",1997,117,3,10,6260.3,55.768274,49.23428,3.9,ул. ноксинский спуск
493,"ул. степана халтурина, 4",1955,33,2,5,2092.6,55.814229,49.058345,3.3,ул. степана халтурина
494,"ул. чистопольская, 82",2007,131,5,9,8612.3,55.818685,49.139553,2.911111111111111,ул. чистопольская
495,"ул. академика завойского, 17а",2012,399,9,10,24534.31,55.760535,49.23676,4.433333333333334,ул. академика завойского
496,"ул. шаляпина, 41",2013,18,3,4,1644.1,55.770102,49.140047,1.5,ул. шаляпина
497,"ул. ямская, 11",1962,38,2,5,1512.05,55.783129,49.103387,3.8,ул. ямская
498,"кирова пер., 3",1964,60,3,5,2521.4,55.791704,49.106567,4.0,кирова пер.
499,"ул. аметьевская магистраль, 16 корпус 4",2019,242,1,24,10407.2,55.767362,49.172638,10.083333333333334,ул. аметьевская магистраль
500,"ул. космонавтов, 23",1964,16,2,2,629.9,55.800231,49.190694,4.0,ул. космонавтов
501,"ул. березовая (лесной городок), 31",2013,20,1,5,1313.4,55.712188,49.184927,4.0,ул. березовая (лесной городок)
502,"ул. лейтенанта шмидта, 46",1958,64,4,5,2969.06,55.788733,49.15919,3.2,ул. лейтенанта шмидта
503,"ул. фатыха амирхана, 67",1973,80,4,5,3682.7,55.834649,49.130669,4.0,ул. фатыха амирхана
504,"ул. наки исанбета, 55",1967,68,4,5,3249.8,55.783529,49.17509,3.4,ул. наки исанбета
505,"ул. муштари, 18/39",2018,18,1,7,2674.3,55.792038,49.135169,2.571428571428572,ул. муштари
506,"ул. хлебозаводская, 8",1993,45,3,5,2381.6,55.845451,49.050224,3.0,ул. хлебозаводская
507,"ул. пушкина, 5/43",1952,102,7,5,6166.65,55.786799,49.120958,2.914285714285714,ул. пушкина
508,"ул. зур урам, 3",1960,16,2,2,622.6,55.805609,49.198608,4.0,ул. зур урам
509,"ул. галимджана баруди, 5",1972,58,4,5,2747.5,55.819515,49.064256,2.9,ул. галимджана баруди
510,"ул. чернышевского, 33",2013,30,2,5,2520.8,55.789547,49.10565,3.0,ул. чернышевского
511,"ул. родины, 29",1973,80,4,5,3612.9,55.765453,49.204429,4.0,ул. родины
512,"ул. ягодинская, 25",2012,538,8,16,20442.6,55.814431,49.077165,4.203125,ул. ягодинская
513,"ул. гагарина, 63",1962,80,4,5,3633.9,55.838971,49.09894,4.0,ул. гагарина
514,"ул. мира, 61",1984,144,4,9,7739.8,55.859135,49.215182,4.0,ул. мира
515,"ул. энергетиков, 18",1996,116,6,6,5922.87,55.824471,49.076536,3.222222222222222,ул. энергетиков
516,"ул. адмиралтейская, 9",1944,16,2,3,860.3,55.801313,49.054833,2.6666666666666665,ул. адмиралтейская
517,"ул. сабан, 2а",2012,129,1,16,6563.8,55.826336,49.050575,8.0625,ул. сабан
518,"ул. столярова, 3",2004,32,3,5,1456.9,55.799249,49.066556,2.1333333333333333,ул. столярова
519,"ул. фатыха амирхана, 35",1975,180,5,9,9720.0,55.829861,49.130165,4.0,ул. фатыха амирхана
520,"ул. юлиуса фучика, 108",1995,117,2,10,4042.7,55.771256,49.2326,5.85,ул. юлиуса фучика
521,"ул. лейтенанта красикова, 12",1970,68,4,5,3244.81,55.820395,48.900448,3.4,ул. лейтенанта красикова
522,"ул. союзная 10-я, 19/8",1949,16,2,2,693.2,55.835346,49.06899,4.0,ул. союзная 10-я
523,"ул. бирюзовая, 9",2004,199,6,10,12107.8,55.819767,48.8893,3.3166666666666664,ул. бирюзовая
524,"ул. авангардная, 145",1971,80,4,5,3264.4,55.741718,49.145724,4.0,ул. авангардная
525,"ул. рихарда зорге, 41",1974,216,6,9,12286.6,55.754988,49.203791,4.0,ул. рихарда зорге
526,"пр-кт ибрагимова, 65",1971,80,4,5,3652.2,55.825441,49.098455,4.0,пр-кт ибрагимова
527,"ул. карла маркса, 16а",2008,54,3,6,4728.5,55.796451,49.116834,3.0,ул. карла маркса
528,"военный городок-2, 117",1974,80,4,5,3531.6,55.751467,49.153333,4.0,военный городок-2
529,"ул. солидарности, 16",1975,203,2,9,5295.53,55.860054,49.22783,11.27777777777778,ул. солидарности
530,"ул. хусаина мавлютова, 28",1970,119,8,5,5232.79,55.751736,49.187352,2.975,ул. хусаина мавлютова
531,"ул. гудованцева, 51",1974,80,4,5,3663.5,55.878869,49.020688,4.0,ул. гудованцева
532,"ул. гоголя, 16/56",1936,10,2,4,1244.76,55.796238,49.133615,1.25,ул. гоголя
533,"ул. рихарда зорге, 9",1967,80,4,5,3626.9,55.762424,49.184954,4.0,ул. рихарда зорге
534,"пр-кт ямашева, 4",1964,80,4,5,3718.49,55.825694,49.08719,4.0,пр-кт ямашева
535,"ул. шаляпина, 41а",1974,91,4,5,3978.7,55.76995,49.140801,4.55,ул. шаляпина
536,"ул. ильича, 40",1993,16,3,3,778.7,55.822215,48.899254,1.7777777777777777,ул. ильича
537,"ул. липатова, 23",1966,80,4,5,3167.0,55.866031,49.215236,4.0,ул. липатова
538,"ул. джаудата файзи, 17",2001,108,3,10,6028.19,55.793283,49.222683,3.6,ул. джаудата файзи
539,"ул. меридианная, 6",2000,55,3,5,6021.0,55.817795,49.116592,3.6666666666666665,ул. меридианная
540,"ул. аметьевская магистраль, 18 корпус 1",2019,335,1,26,19373.2,55.766293,49.170841,12.884615384615383,ул. аметьевская магистраль
541,"пр-кт победы, 62/3",1981,93,1,14,2683.6,55.751356,49.21405,6.642857142857143,пр-кт победы
542,"ул. челюскина, 28",2008,120,3,10,6372.9,55.861686,49.078467,4.0,ул. челюскина
543,"ул. баумана, 76",1954,32,2,5,1702.08,55.788535,49.118784,3.2,ул. баумана
544,"ул. короленко, 19",1971,80,4,5,3663.3,55.824825,49.100593,4.0,ул. короленко
545,"ул. юбилейная, 9",1960,36,3,3,1106.7,55.823687,49.028683,4.0,ул. юбилейная
546,"ул. брусничная (лесной городок), 1",2008,28,1,5,1221.3,55.711432,49.180947,5.6,ул. брусничная (лесной городок)
547,"ул. большая красная, 36а",1958,27,2,5,1370.2,55.797402,49.123545,2.7,ул. большая красная
548,"ул. федосеевская, 38",2008,28,1,8,3923.3,55.801359,49.113627,3.5,ул. федосеевская
549,"ул. восстания, 65",1966,76,4,5,3109.4,55.83292,49.070032,3.8,ул. восстания
550,"ул. ново-светлая, 11",1960,101,5,5,3320.7,55.822751,49.039534,4.04,ул. ново-светлая
551,"ул. короленко, 45",1969,80,4,5,3633.0,55.830457,49.098868,4.0,ул. короленко
552,"ул. карима тинчурина, 3а",1964,60,3,5,1805.2,55.779626,49.104554,4.0,ул. карима тинчурина
553,"ул. юлиуса фучика, 100",1996,77,2,10,4107.6,55.770061,49.233211,3.85,ул. юлиуса фучика
554,"ул. минская, 12",2006,385,7,17,21434.4,55.772183,49.220779,3.235294117647059,ул. минская
555,"ул. коллективная, 33",2007,80,4,5,3617.8,55.834173,49.095338,4.0,ул. коллективная
556,"ул. фатыха амирхана, 91а",2001,130,4,10,7640.4,55.841144,49.128755,3.25,ул. фатыха амирхана
557,"ул. некрасова, 28",2016,16,2,5,1900.8,55.788727,49.130022,1.6,ул. некрасова
558,"ул. мира, 9а",1957,8,2,2,450.9,55.866091,49.231522,2.0,ул. мира
559,"ул. горьковское шоссе, 23",1956,8,2,2,387.5,55.825001,49.034091,2.0,ул. горьковское шоссе
560,"ул. сибирский тракт, 23",1957,64,6,4,4243.4,55.810658,49.181118,2.6666666666666665,ул. сибирский тракт
561,"ул. фатыха амирхана, 49",1980,94,1,14,4549.5,55.832874,49.132528,6.714285714285714,ул. фатыха амирхана
562,"ул. заслонова, 11",2000,22,1,9,3005.0,55.780902,49.151258,2.4444444444444446,ул. заслонова
563,"ул. урицкого, 12",1928,4,1,2,169.4,55.800726,49.057375,2.0,ул. урицкого
564,"ул. коллективная, 25",1966,80,4,5,3638.8,55.833046,49.093227,4.0,ул. коллективная
565,"ул. шоссейная, 22",1971,80,4,5,3116.7,55.807714,49.081737,4.0,ул. шоссейная
566,"ул. мира, 19",1960,24,2,3,954.0,55.865222,49.227624,4.0,ул. мира
567,"ул. дмитрия менделеева, 8 корпус 2",2016,71,4,5,3102.0,55.760054,49.246021,3.55,ул. дмитрия менделеева
568,"ул. лядова, 4",1932,37,5,4,2564.18,55.853385,49.08136,1.85,ул. лядова
569,"ул. рихарда зорге, 48",1982,95,1,14,4559.7,55.754487,49.199453,6.785714285714286,ул. рихарда зорге
570,"ул. болотникова, 17а",1968,80,4,5,3661.9,55.821381,49.047871,4.0,ул. болотникова
571,"ул. исаева, 16",1965,40,2,5,1791.3,55.835811,49.067167,4.0,ул. исаева
572,"ул. рихарда зорге (кадышево), 8",1974,16,2,2,661.1,55.761482,49.185008,4.0,ул. рихарда зорге (кадышево)
573,"ул. чистопольская, 77/2",2004,232,12,9,10167.4,55.820819,49.151959,2.148148148148148,ул. чистопольская
574,"ул. декабристов, 85",1985,299,9,9,14971.8,55.818589,49.090343,3.691358024691358,ул. декабристов
575,"ул. рахимова, 9",1941,18,3,3,1347.25,55.838905,49.025727,2.0,ул. рахимова
576,"пр-кт ибрагимова, 2",1961,64,4,5,2497.5,55.841695,49.086229,3.2,пр-кт ибрагимова
577,"ул. гастелло, 18",1979,54,4,5,2867.8,55.790398,49.173671,2.7,ул. гастелло
578,"ул. чапаева, 11/43",2011,156,4,10,874.7,55.862318,49.080866,3.9,ул. чапаева
579,"ул. жуковского, 28а",1938,47,5,4,3675.9,55.798986,49.132429,2.35,ул. жуковского
580,"пр-кт победы, 224б",2010,160,4,10,9652.3,55.807456,49.210008,4.0,пр-кт победы
581,"ул. революционная, 74",1960,8,2,2,265.2,55.81735,48.91607,2.0,ул. революционная
582,"ул. ахтямова, 18а",1950,26,2,3,1002.2,55.775135,49.117346,4.333333333333333,ул. ахтямова
583,"ул. мусина, 80",1996,80,3,10,4258.0,55.839416,49.125988,2.666666666666667,ул. мусина
584,"ул. бойничная, 10",2007,42,1,10,1501.2,55.777697,49.148258,4.2,ул. бойничная
585,"ул. муштари, 2а",2010,53,6,5,6784.4,55.787918,49.137855,1.7666666666666668,ул. муштари
586,"ул. газовая, 7",1964,20,2,5,1547.8,55.77157,49.150018,2.0,ул. газовая
587,"ул. сибгата хакима, 5",2012,85,1,6,6557.4,55.816192,49.106701,14.166666666666666,ул. сибгата хакима
588,"ул. академика глушко, 33",2000,73,4,7,4286.8,55.786875,49.227794,2.607142857142857,ул. академика глушко
589,"ул. галии кайбицкой, 5",1998,140,5,7,7416.95,55.780628,49.231729,4.0,ул. галии кайбицкой
590,"ул. салиха батыева, 19",2014,198,4,10,9980.4,55.755555,49.243021,4.95,ул. салиха батыева
591,"ул. восьмого марта, 16",1962,76,4,5,3041.7,55.81254,49.185807,3.8,ул. восьмого марта
592,"ул. даурская, 17",1959,8,1,2,265.7,55.764931,49.176671,4.0,ул. даурская
593,"ул. рихарда зорге, 89",1983,96,1,14,4601.9,55.746877,49.215443,6.857142857142857,ул. рихарда зорге
594,"ул. комиссара габишева, 4",2011,85,1,17,4668.5,55.740917,49.227345,5.0,ул. комиссара габишева
595,"ул. белинского, 5",1939,86,8,5,5816.5,55.853819,49.080021,2.15,ул. белинского
596,"ул. академика кирпичникова, 8",1960,78,4,5,3047.1,55.806828,49.187694,3.9,ул. академика кирпичникова
597,"ул. центральная (крутушка), 50",1986,87,8,5,4731.5,55.927609,49.202372,2.175,ул. центральная (крутушка)
598,"пр-кт ямашева, 17",1976,242,5,9,10624.2,55.826534,49.099398,5.377777777777777,пр-кт ямашева
599,"ул. бирюзовая, 1а",2003,219,6,10,10688.67,55.81909,48.893468,3.65,ул. бирюзовая
600,"ул. ленинградская, 21",1935,11,3,2,614.9,55.861499,49.084684,1.8333333333333333,ул. ленинградская
601,"ул. сеченова, 11",1962,24,3,3,1331.2,55.797837,49.172189,2.6666666666666665,ул. сеченова
602,"ул. заря, 9",1958,9,1,2,409.1,55.805649,49.18092,4.5,ул. заря
603,"ул. тэцевская, 13",2001,20,1,5,873.6,55.848175,49.059702,4.0,ул. тэцевская
604,"военный городок-32, 173",1971,16,2,2,637.3,55.806535,48.962908,4.0,военный городок-32
605,"ул. юлиуса фучика, 53",2004,69,1,14,5235.3,55.743917,49.203962,4.928571428571429,ул. юлиуса фучика
606,"ул. татарстан, 56",1966,80,4,5,3664.6,55.779484,49.107815,4.0,ул. татарстан
607,"ул. айдарова, 6",2010,48,1,9,2870.4,55.868647,49.090756,5.333333333333333,ул. айдарова
608,"ул. гаяза исхаки, 1",1959,66,4,5,2652.89,55.789765,49.102731,3.3,ул. гаяза исхаки
609,"ул. татарстан, 9",1982,91,1,14,4361.9,55.779363,49.112747,6.5,ул. татарстан
610,"ул. академика глушко, 22а",2008,96,1,16,6523.0,55.786622,49.232466,6.0,ул. академика глушко
611,"ул. рихарда зорге, 15",1967,80,4,5,3729.8,55.761158,49.185538,4.0,ул. рихарда зорге
612,"ул. блюхера, 85",1973,80,4,5,3687.2,55.827874,49.064481,4.0,ул. блюхера
613,"ул. енисейская, 7",2001,13,2,3,1147.0,55.834426,49.084495,2.1666666666666665,ул. енисейская
614,"ул. волгоградская, 7",1963,80,4,5,3672.8,55.828809,49.085609,4.0,ул. волгоградская
615,"пр-кт победы, 176",2001,60,3,5,3436.05,55.787341,49.223051,4.0,пр-кт победы
616,"ул. столярова, 15а",2005,72,2,10,5745.54,55.797726,49.061193,3.6,ул. столярова
617,"ул. восстания, 56",1956,153,9,5,9526.0,55.833658,49.074182,3.4,ул. восстания
618,"ул. юлиуса фучика, 84",2006,178,4,10,8427.1,55.761168,49.235852,4.45,ул. юлиуса фучика
619,"ул. красной позиции, 3",1965,80,4,5,3300.9,55.791992,49.167598,4.0,ул. красной позиции
620,"ул. курашова, 30",1965,65,3,6,2712.8,55.791061,49.142005,3.611111111111111,ул. курашова
621,"ул. портовая, 37в корпус 1",2021,175,5,11,9097.0,55.768005,49.09399,3.1818181818181817,ул. портовая
622,"ул. 25-го октября, 16/9",1936,55,6,4,3476.13,55.815433,49.061417,2.2916666666666665,ул. 25-го октября
623,"ул. дежнева, 2/1",1975,145,3,5,2965.67,55.816637,49.079941,9.666666666666668,ул. дежнева
624,"ул. нурсултана назарбаева, 12",1996,41,8,6,4724.7,55.774836,49.140649,0.8541666666666666,ул. нурсултана назарбаева
625,"ул. пионерская, 19",1960,40,2,5,1534.1,55.806752,49.189894,4.0,ул. пионерская
626,"ул. александра курынова, 10 корпус 1",2020,288,3,20,14414.2,55.802234,49.23879,4.8,ул. александра курынова
627,"ул. рауиса гареева, 109",2018,308,1,24,11202.5,55.724439,49.174048,12.833333333333334,ул. рауиса гареева
628,"ул. кулахметова, 17 корпус 2",1989,108,3,10,5896.6,55.826807,49.055623,3.6,ул. кулахметова
629,"ул. чистопольская, 55",1994,238,6,10,12390.1,55.819767,49.128836,3.9666666666666655,ул. чистопольская
630,"ул. маршала чуйкова, 30",1972,80,4,5,3634.8,55.833466,49.125737,4.0,ул. маршала чуйкова
631,"ул. гаврилова, 44",1994,144,4,9,7643.2,55.839643,49.158903,4.0,ул. гаврилова
632,"ул. карагандинская, 6",1978,144,4,9,7104.4,55.863399,49.074147,4.0,ул. карагандинская
633,"ул. челюскина, 10",1948,27,3,3,1374.37,55.855057,49.076329,3.0,ул. челюскина
634,"ул. березовая (лесной городок), 33",2013,20,1,5,1289.9,55.81127,48.908039,4.0,ул. березовая (лесной городок)
635,"ул. беломорская, 242",1964,80,4,5,3685.1,55.867687,49.019816,4.0,ул. беломорская
636,"озеро лебяжье, 5",1986,8,1,2,486.4,55.838359,48.974919,4.0,озеро лебяжье
637,"ул. побежимова, 55",1989,143,1,9,4925.0,55.860261,49.074964,15.88888888888889,ул. побежимова
638,"ул. жуковского, 17а",1917,3,2,2,132.4,55.79637,49.129483,0.75,ул. жуковского
639,"ул. муштари, 11а",2003,12,1,5,1498.6,55.788606,49.136705,2.4,ул. муштари
640,"ул. высокогорская, 3",1963,8,1,2,276.4,55.845607,49.217068,4.0,ул. высокогорская
641,"ул. магистральная, 34",1985,144,1,9,3903.7,55.75055,49.104132,16.0,ул. магистральная
642,"ул. кирпичная, 5",1968,100,5,5,3382.4,55.78365,49.167472,4.0,ул. кирпичная
643,"ул. карла маркса, 5",2004,36,3,5,6136.6,55.79765,49.111391,2.4,ул. карла маркса
644,"ул. айвазовского, 3",2013,53,2,9,3661.5,55.788819,49.13975,2.9444444444444446,ул. айвазовского
645,"ул. черемховская, 21",1962,31,2,4,1264.3,55.821189,48.900655,3.875,ул. черемховская
646,"ул. дементьева, 37",1981,118,8,5,5873.5,55.862009,49.103647,2.95,ул. дементьева
647,"ул. заря, 4",1955,12,2,2,846.8,55.803955,49.183274,3.0,ул. заря
648,"ул. минская, 18",1988,175,5,9,9403.58,55.772132,49.224848,3.888888888888889,ул. минская
649,"ул. академика завойского, 8",1982,210,6,9,11279.04,55.756705,49.227112,3.888888888888889,ул. академика завойского
650,"ул. адоратского, 49",1985,267,3,9,9627.7,55.841898,49.141862,9.88888888888889,ул. адоратского
651,"ул. меховщиков, 7",1972,158,1,5,3877.15,55.771353,49.100359,31.6,ул. меховщиков
652,"ул. чистопольская, 47",1994,80,2,10,4246.2,55.820121,49.127524,4.0,ул. чистопольская
653,"катановский пер., 5",1955,23,2,4,1579.9,55.786794,49.132303,2.875,катановский пер.
654,"ул. безоблачная, 4",2014,20,1,5,1302.4,55.711093,49.186373,4.0,ул. безоблачная
655,"ул. челюскинцев, 44а",1959,16,8,2,651.7,55.868405,49.082276,1.0,ул. челюскинцев
656,"ул. мира, 6",1950,16,2,2,744.6,55.867061,49.231549,4.0,ул. мира
657,"ул. чапаева, 25",2007,115,7,6,5526.9,55.866839,49.083157,2.7380952380952377,ул. чапаева
658,"ул. достоевского, 78",2000,34,3,5,4758.1,55.786541,49.159477,2.2666666666666666,ул. достоевского
659,"ул. маршала чуйкова, 73",1986,109,3,9,5786.5,55.836403,49.149533,4.037037037037037,ул. маршала чуйкова
660,"ул. восстания, 8",1963,64,4,5,2580.5,55.836039,49.098644,3.2,ул. восстания
661,"ул. батыршина, 40 корпус 2",1971,100,5,5,3332.0,55.820703,49.064139,4.0,ул. батыршина
662,"ул. павлюхина, 104б",1992,45,1,9,2111.0,55.77,49.142023,5.0,ул. павлюхина
663,"ул. братьев касимовых, 88",1974,79,4,5,2339.3,55.754274,49.212388,3.95,ул. братьев касимовых
664,"ул. сафиуллина, 32а",1989,95,1,14,4554.86,55.748012,49.220266,6.785714285714286,ул. сафиуллина
665,"ул. академика павлова, 23а",1985,189,5,9,10410.3,55.864252,49.098428,4.199999999999999,ул. академика павлова
666,"пр-кт победы, 182",2003,132,1,19,6296.98,55.791633,49.221201,6.947368421052632,пр-кт победы
667,"ул. гаврилова, 8а",1997,119,3,10,7022.1,55.82979,49.157052,3.9666666666666655,ул. гаврилова
668,"ул. заслонова, 26",1968,80,4,5,3214.5,55.781084,49.150503,4.0,ул. заслонова
669,"ул. чистопольская, 59",1994,120,3,10,6320.5,55.820116,49.131369,4.0,ул. чистопольская
670,"ул. юлиуса фучика, 79",1987,89,1,9,3184.7,55.744115,49.210232,9.88888888888889,ул. юлиуса фучика
671,"ул. галимджана баруди, 9/42",1971,79,4,5,3610.4,55.82128,49.065864,3.95,ул. галимджана баруди
672,"ул. сыртлановой, 18",1983,80,6,5,4257.0,55.746689,49.19718,2.666666666666667,ул. сыртлановой
673,"ул. мира, 41",1988,93,1,14,4604.2,55.798758,49.259433,6.642857142857143,ул. мира
674,"ул. академика завойского, 18",1981,144,4,9,7601.73,55.756027,49.235924,4.0,ул. академика завойского
675,"ул. главная, 69",1961,36,3,4,1470.7,55.866662,49.218479,3.0,ул. главная
676,"ул. залесная, 18",1974,16,2,2,652.8,55.848599,48.90944,4.0,ул. залесная
677,"ул. баумана, 30",1917,16,2,3,881.57,55.79349,49.107923,2.6666666666666665,ул. баумана
678,"ул. рихарда зорге, 99",1984,91,1,14,4374.9,55.743867,49.221291,6.5,ул. рихарда зорге
679,"ул. зур урам, 1к",2017,78,3,12,27885.4,55.802057,49.20089,2.1666666666666665,ул. зур урам
680,"ул. ленинградская, 45а",1956,18,2,3,897.1,55.867612,49.087495,3.0,ул. ленинградская
681,"ул. мира (самосырово), 34",1993,80,2,10,4307.6,55.797873,49.25813,4.0,ул. мира (самосырово)
682,"ул. адоратского, 3",2008,102,3,10,7272.2,55.822377,49.146739,3.4,ул. адоратского
683,"ул. роторная, 27д",2018,180,2,20,10231.4,55.76523,49.145536,4.5,ул. роторная
684,"ул. мулланура вахитова, 10",2002,62,3,6,7177.3,55.813126,49.087612,3.4444444444444446,ул. мулланура вахитова
685,"ул. курчатова, 17",1968,80,4,5,3668.7,55.75823,49.16652,4.0,ул. курчатова
686,"ул. шоссейная, 21",1979,95,6,5,4241.1,55.808498,49.083094,3.166666666666667,ул. шоссейная
687,"ул. железнодорожников, 11",1937,8,1,2,400.1,55.821183,48.889435,4.0,ул. железнодорожников
688,"ул. кави наджми, 1",2003,12,2,5,1376.7,55.789674,49.112567,1.2,ул. кави наджми
689,"ул. партизанская, 23",1943,25,1,4,1139.9,55.834335,49.082779,6.25,ул. партизанская
690,"ул. хайдара бигичева, 31",2002,112,4,7,6412.21,55.792372,49.225935,4.0,ул. хайдара бигичева
691,"ул. фрунзе, 17",1973,250,5,9,11054.6,55.820708,49.053988,5.555555555555555,ул. фрунзе
692,"ул. гагарина, 12",1958,96,4,6,3659.9,55.839178,49.095455,4.0,ул. гагарина
693,"ул. коломенская, 3",2008,161,7,5,8387.3,55.840447,49.067292,4.6,ул. коломенская
694,"ул. октябрьская, 8",1964,64,4,5,2583.2,55.836838,49.095598,3.2,ул. октябрьская
695,"ул. 2-я поперечно-карагандинская, 9",1953,1,1,1,105.8,55.868501,49.076051,1.0,ул. 2-я поперечно-карагандинская
696,"ул. парковая, 18",1980,180,5,9,9583.5,55.85919,49.219081,4.0,ул. парковая
697,"ул. четаева, 44",1995,120,3,10,6404.0,55.822908,49.121955,4.0,ул. четаева
698,"ул. алексея козина, 3а",2016,120,1,18,6186.2,55.814816,49.136211,6.666666666666667,ул. алексея козина
699,"ул. восстания, 30",1954,17,3,3,1541.1,55.834598,49.087693,1.888888888888889,ул. восстания
700,"ул. можайского, 9/14",1957,8,2,2,404.17,55.823459,49.032051,2.0,ул. можайского
701,"ул. вишневского, 29/48",2010,179,4,15,10731.1,55.787533,49.152102,2.9833333333333334,ул. вишневского
702,"ул. даурская, 37",1975,52,1,9,1844.9,55.767433,49.183543,5.777777777777778,ул. даурская
703,"ул. отрадная, 38",1971,119,8,5,5326.5,55.768861,49.180884,2.975,ул. отрадная
704,"тер. военный городок-33, 8",1998,80,2,10,3775.1,55.737684,49.155498,4.0,тер. военный городок-33
705,"ул. железнодорожников, 24",1964,41,2,5,1574.7,55.821563,48.895364,4.1,ул. железнодорожников
706,"ул. лазарева, 3",2008,144,3,9,10317.6,55.820268,49.049775,5.333333333333333,ул. лазарева
707,"ул. ломжинская, 24",1991,156,4,9,5147.7,55.766375,49.229501,4.333333333333333,ул. ломжинская
708,"ул. четаева, 14",2019,136,1,18,6366.6,55.823328,49.143101,7.555555555555555,ул. четаева
709,"ул. сулеймановой, 3",2002,144,7,6,13959.1,55.813946,49.089795,3.428571428571429,ул. сулеймановой
710,"ул. минская, 50",2004,96,1,16,4809.08,55.771013,49.240991,6.0,ул. минская
711,"ул. маршала чуйкова, 22",1972,78,4,5,3588.57,55.834649,49.122763,3.9,ул. маршала чуйкова
712,"ул. патриса лумумбы, 44",1999,54,6,9,10543.2,55.791405,49.178899,1.0,ул. патриса лумумбы
713,"ул. академика глушко, 22в",2008,78,2,10,4395.6,55.788039,49.230804,3.9,ул. академика глушко
714,"ул. нижняя, 7",1960,8,1,2,275.2,55.819408,48.88983,4.0,ул. нижняя
715,"пр-кт ибрагимова, 55",1970,80,4,5,3618.6,55.828319,49.095661,4.0,пр-кт ибрагимова
716,"ул. рашида вагапова, 12",1999,39,2,5,2057.64,55.782177,49.231361,3.9,ул. рашида вагапова
717,"ул. клары цеткин, 17",1931,18,3,3,780.9,55.798439,49.057626,2.0,ул. клары цеткин
718,"ул. зур урам, 22",1958,8,1,2,376.9,55.808897,49.194808,4.0,ул. зур урам
719,"ул. юлиуса фучика, 52",1982,320,10,9,17341.8,55.752232,49.232816,3.555555555555556,ул. юлиуса фучика
720,"ул. лушникова, 7",1969,80,4,5,3653.3,55.819808,49.083202,4.0,ул. лушникова
721,"ул. карима тинчурина, 19",1962,80,4,5,3634.01,55.774102,49.10998,4.0,ул. карима тинчурина
722,"ул. тверская, 5",1958,36,3,4,2176.8,55.825108,49.082528,3.0,ул. тверская
723,"ул. восстания, 77",1966,100,5,5,3389.3,55.832525,49.065559,4.0,ул. восстания
724,"ул. интернациональная, 34",1988,27,3,3,1288.1,55.807041,49.270123,3.0,ул. интернациональная
725,"ул. голубятникова, 26а",1988,107,3,9,5665.5,55.83709,49.11617,3.962962962962963,ул. голубятникова
726,"ул. беломорская, 73",1967,64,4,5,2606.0,55.866344,49.018783,3.2,ул. беломорская
727,"ул. лушникова, 10",2009,55,1,10,4414.4,55.820829,49.087657,5.5,ул. лушникова
728,"ул. сары садыковой, 4а",2019,29,1,7,2081.7,55.778016,49.111867,4.142857142857143,ул. сары садыковой
729,"ул. хасана туфана, 37",1941,12,1,2,581.8,55.841367,49.068837,6.0,ул. хасана туфана
730,"ул. бутлерова, 60",1963,60,3,5,2639.4,55.789983,49.141251,4.0,ул. бутлерова
731,"ул. восстания, 110",1958,20,5,2,671.5,55.830867,49.048715,2.0,ул. восстания
732,"ул. николая ершова, 80",1963,78,4,5,3479.6,55.801577,49.184612,3.9,ул. николая ершова
733,"ул. копылова, 5/1",1952,140,11,7,8891.53,55.853259,49.083624,1.818181818181818,ул. копылова
734,"ул. копылова, 12",1940,57,6,5,4315.4,55.856821,49.085717,1.9,ул. копылова
735,"ул. шамиля усманова, 8",1965,80,4,5,3649.0,55.830139,49.076725,4.0,ул. шамиля усманова
736,"ул. маяковского, 19",1983,43,1,9,3243.4,55.789401,49.133193,4.777777777777778,ул. маяковского
737,"ул. павлюхина, 106",1957,52,3,5,3172.9,55.769843,49.143964,3.4666666666666663,ул. павлюхина
738,"ул. волкова, 79",1969,70,4,5,3323.7,55.789163,49.142544,3.5,ул. волкова
739,"ул. академика королева, 57б",1965,38,2,5,1602.4,55.838809,49.063924,3.8,ул. академика королева
740,"ул. ново-азинская, 25",1959,8,1,2,372.2,55.809854,49.195275,4.0,ул. ново-азинская
741,"ул. большая красная, 58а",1917,10,2,2,401.75,55.796319,49.134765,2.5,ул. большая красная
742,"ул. воровского, 15а",1962,76,4,5,3144.1,55.842378,49.087352,3.8,ул. воровского
743,"ул. восстания, 1",1965,91,5,5,3028.5,55.835356,49.100809,3.64,ул. восстания
744,"ул. пионерская, 2",1950,12,2,2,506.5,55.805103,49.182025,3.0,ул. пионерская
745,"ул. айдарова, 8а",1968,94,6,5,4153.8,55.868066,49.089526,3.1333333333333333,ул. айдарова
746,"ул. ленская, 2",1962,64,4,5,1655.8,55.824754,49.084953,3.2,ул. ленская
747,"ул. восстания, 61",1966,74,4,5,3141.7,55.83293,49.071263,3.7,ул. восстания
748,"ул. патриса лумумбы, 23",1958,12,2,2,599.1,55.793627,49.175899,3.0,ул. патриса лумумбы
749,"ул. привокзальная, 40",1961,33,2,4,1266.9,55.814168,48.90573,4.125,ул. привокзальная
750,"ул. чехова, 6б",1947,32,3,4,2262.9,55.790874,49.144682,2.6666666666666665,ул. чехова
751,"ул. чистопольская, 20б",2005,68,5,6,4652.3,55.81736,49.111696,2.2666666666666666,ул. чистопольская
752,"ул. гагарина, 4а",1959,20,10,2,642.6,55.84076,49.098976,1.0,ул. гагарина
753,"ул. рихарда зорге, 5а",1976,120,6,5,5763.5,55.762733,49.182735,4.0,ул. рихарда зорге
754,"кул гали, 15/21",1983,468,13,9,26283.0,55.751067,49.23905,4.0,кул гали
755,"ул. братьев касимовых, 66",1972,90,6,6,3948.3,55.756123,49.209612,2.5,ул. братьев касимовых
756,"пр-кт универсиады, 16",2013,215,4,20,12298.0,55.764754,49.158956,2.6875,пр-кт универсиады
757,"ул. академика губкина, 2",1963,49,3,5,2093.0,55.802755,49.187146,3.2666666666666666,ул. академика губкина
758,"ул. сафиуллина, 48",1979,180,5,9,5771.2,55.745321,49.229366,4.0,ул. сафиуллина
759,"ул. адмиралтейская, 13/30",1933,56,4,4,1645.4,55.800539,49.053952,3.5,ул. адмиралтейская
760,"ул. космонавтов, 53",2002,118,4,10,8694.5,55.798004,49.194323,2.95,ул. космонавтов
761,"ул. бирюзовая, 8",2007,200,5,10,9904.2,55.820384,48.890234,4.0,ул. бирюзовая
762,"ул. коломенская, 5",1977,24,1,3,532.2,55.840123,49.067319,8.0,ул. коломенская
763,"пр-кт ямашева, 15 корпус 2",1977,48,1,9,2085.45,55.826195,49.097089,5.333333333333333,пр-кт ямашева
764,"ул. гагарина, 69",1963,80,4,5,3672.6,55.838597,49.096461,4.0,ул. гагарина
765,"ул. галактионова, 3а",1960,40,2,5,1600.98,55.793515,49.12615,4.0,ул. галактионова
766,"ул. авангардная, 161",1960,16,2,2,478.2,55.739428,49.14559,4.0,ул. авангардная
767,"ул. лукина, 17",2001,104,1,15,5305.9,55.864212,49.091601,6.933333333333334,ул. лукина
768,"ул. октябрьская, 23а",1961,80,4,5,3174.4,55.841286,49.090747,4.0,ул. октябрьская
769,"ул. карбышева, 60а",2002,141,4,9,10168.0,55.754248,49.177453,3.9166666666666665,ул. карбышева
770,"ул. адоратского, 3б",2011,98,1,14,6489.7,55.822028,49.14506,7.0,ул. адоратского
771,"ул. восстания, 123",1996,149,4,10,8505.2,55.830417,49.050153,3.725,ул. восстания
772,"ул. красной позиции, 15",1965,80,4,5,3360.84,55.787462,49.164751,4.0,ул. красной позиции
773,"ул. аделя кутуя, 37",1956,8,1,2,510.8,55.78691,49.174785,4.0,ул. аделя кутуя
774,"ул. юлиуса фучика, 24",1993,96,1,14,4871.7,55.743015,49.215137,6.857142857142857,ул. юлиуса фучика
775,"ул. гагарина, 37",1974,60,3,5,2553.0,55.839764,49.107501,4.0,ул. гагарина
776,"ул. восстания, 37",1953,20,3,3,1481.3,55.833476,49.085447,2.2222222222222223,ул. восстания
777,"ул. академика губкина, 42",1962,15,2,3,1150.41,55.806823,49.195536,2.5,ул. академика губкина
778,"ул. братьев касимовых, 42",1975,54,1,9,2342.5,55.756609,49.203612,6.0,ул. братьев касимовых
779,"ул. ноксинский спуск, 1",1995,108,3,9,5462.3,55.767392,49.233687,4.0,ул. ноксинский спуск
780,"ул. четаева, 35",1994,272,7,10,13541.5,55.824597,49.121362,3.885714285714285,ул. четаева
781,"ул. интернациональная, 35",1987,18,3,2,858.6,55.807253,49.270985,3.0,ул. интернациональная
782,"ул. рашида вагапова, 16",1999,40,2,5,2146.3,55.7824,49.232034,4.0,ул. рашида вагапова
783,"ул. колымская, 13",1947,7,7,1,139.0,55.818457,48.878781,1.0,ул. колымская
784,"ул. фатыха амирхана, 79",1987,180,5,9,10363.7,55.839087,49.131109,4.0,ул. фатыха амирхана
785,"ул. юлиуса фучика, 110",1998,94,1,14,4594.1,55.771839,49.232421,6.714285714285714,ул. юлиуса фучика
786,"пр-кт ямашева, 31",2004,153,3,9,7332.88,55.825942,49.107196,5.666666666666667,пр-кт ямашева
787,"ул. чапаева, 53а",1958,20,10,2,628.3,55.870854,49.083336,1.0,ул. чапаева
788,"ул. хусаина мавлютова, 44",2003,269,5,10,14493.5,55.748224,49.18702,5.38,ул. хусаина мавлютова
789,"ул. гвардейская, 37 корпус 14",1962,16,1,2,432.5,55.783281,49.171218,8.0,ул. гвардейская
790,"ул. сибирский тракт, 39",1959,32,4,3,2076.0,55.81999,49.176716,2.6666666666666665,ул. сибирский тракт
791,"ул. рауиса гареева, 100",2016,450,11,10,19127.2,55.723496,49.170123,4.090909090909091,ул. рауиса гареева
792,"ул. академика павлова, 6",1988,68,2,5,2527.6,55.864424,49.104105,6.8,ул. академика павлова
793,"ул. сары садыковой, 20",1974,60,1,9,1868.3,55.7755,49.114382,6.666666666666667,ул. сары садыковой
794,"ул. гладилова, 22б",1953,24,2,3,994.29,55.807091,49.071209,4.0,ул. гладилова
795,"ул. академика сахарова, 31",1998,172,5,9,8904.1,55.781985,49.223267,3.822222222222222,ул. академика сахарова
796,"ул. маленькая, 5",1957,60,3,5,3708.9,55.791719,49.163484,4.0,ул. маленькая
797,"ул. дружбы, 1/11",1963,40,2,5,1522.5,55.806975,49.182663,4.0,ул. дружбы
798,"ул. лейтенанта красикова, 20",1976,96,6,5,4370.79,55.820779,48.904634,3.2,ул. лейтенанта красикова
799,"ул. хусаина мавлютова, 39",1988,87,6,5,3865.3,55.746329,49.193056,2.9,ул. хусаина мавлютова
800,"ул. бондаренко, 4",1979,128,4,9,6882.7,55.825381,49.105839,3.555555555555556,ул. бондаренко
801,"ул. павлюхина, 110а",1962,172,3,5,3100.91,55.768319,49.1447,11.466666666666669,ул. павлюхина
802,"ул. зинина, 7",2006,59,3,8,4612.2,55.790327,49.156297,2.458333333333333,ул. зинина
803,"пр-кт победы, 186",2003,132,1,19,6343.88,55.792286,49.221255,6.947368421052632,пр-кт победы
804,"ул. ботаническая, 14",1958,128,1,4,3753.3,55.767185,49.137262,32.0,ул. ботаническая
805,"ул. академика королева, 6",1960,80,4,5,2948.0,55.839476,49.083965,4.0,ул. академика королева
806,"ул. фатыха амирхана, 95",1988,215,6,9,11443.4,55.842135,49.130076,3.981481481481482,ул. фатыха амирхана
807,"ул. павлюхина, 110в",2015,324,3,24,22011.8,55.767838,49.145581,4.5,ул. павлюхина
808,"ферма-2, 80",1976,98,8,5,5294.9,55.721706,49.164301,2.45,ферма-2
809,"ул. химиков, 13",1962,16,2,2,637.5,55.864763,49.017032,4.0,ул. химиков
810,"ул. минская, 28",1988,105,3,9,5683.41,55.772016,49.226905,3.888888888888889,ул. минская
811,"ул. наиля юсупова, 13",2018,340,4,19,19338.3,55.855674,48.896514,4.473684210526316,ул. наиля юсупова
812,"ул. фикрята табеева, 1",2020,489,13,11,24138.0,55.795489,49.251654,3.41958041958042,ул. фикрята табеева
813,"ул. хибинская, 8",1976,16,2,2,642.6,55.846295,48.903467,4.0,ул. хибинская
814,"ул. адмиралтейская, 1",1947,18,2,3,823.6,55.802644,49.056468,3.0,ул. адмиралтейская
815,"ул. юлиуса фучика, 86а",2008,39,1,10,2191.16,55.761335,49.238547,3.9,ул. юлиуса фучика
816,"ул. коломенская, 10",1937,12,3,2,646.2,55.840801,49.065702,2.0,ул. коломенская
817,"ул. декабристов, 181а",1966,70,4,5,2631.5,55.830953,49.077614,3.5,ул. декабристов
818,"ул. кулахметова, 10",1968,80,4,5,2422.0,55.823115,49.054752,4.0,ул. кулахметова
819,"ул. первого мая, 22",1932,25,4,3,1421.99,55.81346,49.059163,2.083333333333333,ул. первого мая
820,"ул. айдарова, 18/57",1986,355,10,9,19627.3,55.870612,49.080408,3.9444444444444446,ул. айдарова
821,"ул. восстания, 89",1967,70,4,5,3260.09,55.832369,49.060393,3.5,ул. восстания
822,"ул. декабристов, 107",1970,80,4,5,2425.4,55.822473,49.085375,4.0,ул. декабристов
823,"ул. ново-светлая, 20",2004,90,2,9,2428.0,55.823171,49.041538,5.0,ул. ново-светлая
824,"ул. николая ершова, 62г",2016,617,15,11,26292.0,55.794988,49.179375,3.7393939393939393,ул. николая ершова
825,"ул. рахимова, 11",1941,18,3,3,1321.58,55.839213,49.02668,2.0,ул. рахимова
826,"ул. татарстан, 47",1965,53,1,9,2222.7,55.776811,49.109082,5.888888888888889,ул. татарстан
827,"ул. грибоедова, 10",1961,23,3,2,822.1,55.769084,49.165586,3.8333333333333335,ул. грибоедова
828,"ул. федосеевская, 42",2008,15,1,8,2547.1,55.801976,49.114885,1.875,ул. федосеевская
829,"ул. карла маркса, 47в",1994,20,2,4,484.2,55.796117,49.13154,2.5,ул. карла маркса
830,"ул. отрадная, 16",1959,8,1,2,379.9,55.766142,49.174722,4.0,ул. отрадная
831,"ул. латышских стрелков, 5",1967,80,4,5,3681.3,55.762561,49.175225,4.0,ул. латышских стрелков
832,"ул. ново-светлая, 22",1967,73,4,5,3193.79,55.823758,49.042328,3.65,ул. ново-светлая
833,"ул. даурская, 27а",1958,18,3,3,1021.6,55.766972,49.180273,2.0,ул. даурская
834,"ул. волгоградская, 22",1970,122,8,5,5937.3,55.832227,49.092625,3.05,ул. волгоградская
835,"ул. заслонова, 3",2011,53,1,9,2824.1,55.782603,49.15256,5.888888888888889,ул. заслонова
836,"кул гали, 18",1983,109,3,9,5651.2,55.749663,49.234163,4.037037037037037,кул гали
837,"ул. лево-булачная, 56",1978,52,4,5,3065.9,55.785488,49.115936,2.6,ул. лево-булачная
838,"ул. советская, 5а",1974,70,4,5,2598.6,55.8178,49.267706,3.5,ул. советская
839,"ул. академика парина, 10",1988,136,2,5,4746.5,55.746188,49.186948,13.6,ул. академика парина
840,"ул. 2-я юго-западная, 39",2015,253,1,25,7840.4,55.821563,49.079572,10.12,ул. 2-я юго-западная
841,"ул. натана рахлина, 7б",2015,207,3,16,11693.2,55.801845,49.242248,4.3125,ул. натана рахлина
842,"ул. восстания, 36",1956,56,5,4,3564.0,55.833799,49.084468,2.8,ул. восстания
843,"ул. декабристов, 185а",1965,100,5,5,3421.3,55.8316,49.077291,4.0,ул. декабристов
844,"ул. большая красная, 3",1963,60,3,5,2483.8,55.799011,49.112406,4.0,ул. большая красная
845,"ул. ноксинский спуск, 33",2003,117,3,10,6441.95,55.770456,49.240586,3.9,ул. ноксинский спуск
846,"ул. юлиуса фучика, 20",1990,158,4,10,8391.0,55.741875,49.21423,3.95,ул. юлиуса фучика
847,"ул. шамиля усманова, 11б",1968,69,4,5,2782.2,55.827434,49.073131,3.45,ул. шамиля усманова
848,"ул. калинина, 69",2006,77,2,9,6186.7,55.783463,49.14841,4.277777777777778,ул. калинина
849,"ул. сафиуллина, 42",1982,90,1,9,3246.1,55.74676,49.226995,10.0,ул. сафиуллина
850,"ул. габдуллы тукая, 102",1990,79,5,5,4032.4,55.774355,49.118541,3.16,ул. габдуллы тукая
851,"ул. рихарда зорге, 4",1968,80,4,5,2457.1,55.762034,49.183849,4.0,ул. рихарда зорге
852,"ул. челнинская, 10",1959,8,1,2,401.2,55.784131,49.16467,4.0,ул. челнинская
853,"ул. карбышева, 36/2",1978,70,1,9,3025.8,55.764009,49.177156,7.777777777777778,ул. карбышева
854,"ул. сабан, 7а",1997,144,4,10,7862.7,55.826675,49.051338,3.6,ул. сабан
855,"ул. академика павлова, 10",2010,320,8,10,16100.1,55.864914,49.102839,4.0,ул. академика павлова
856,"ул. николаева, 5",1957,50,3,5,3097.4,55.785103,49.121173,3.333333333333333,ул. николаева
857,"ул. айдарова, 24а",1988,165,1,9,4920.4,55.871046,49.077461,18.33333333333333,ул. айдарова
858,"ул. урицкого, 8",1928,6,1,3,359.1,55.801349,49.057096,2.0,ул. урицкого
859,"ферма-2, 50",1971,7,1,5,223.5,55.721016,49.160618,1.4,ферма-2
860,"ул. азата аббасова, 3",2019,378,11,11,19309.2,55.794295,49.247252,3.1239669421487606,ул. азата аббасова
861,"ул. 2-я поперечно-карагандинская, 1",1953,1,1,1,55.5,55.868435,49.078755,1.0,ул. 2-я поперечно-карагандинская
862,"ул. аметьевская магистраль, 4",2017,153,4,11,6586.3,55.772502,49.17297,3.477272727272727,ул. аметьевская магистраль
863,"ул. новаторов, 11",1965,40,2,5,1594.3,55.805214,49.174372,4.0,ул. новаторов
864,"ул. авангардная, 147б",1981,72,2,9,3834.01,55.740294,49.148024,4.0,ул. авангардная
865,"ул. рихарда зорге, 47",1977,128,4,9,6759.9,55.752906,49.205229,3.555555555555556,ул. рихарда зорге
866,"ул. главная, 66",1962,48,3,4,2025.3,55.866869,49.220213,4.0,ул. главная
867,"ул. декабристов, 119",1959,80,4,5,3107.7,55.823884,49.085762,4.0,ул. декабристов
868,"ул. серова, 28а",2019,72,2,9,3622.9,55.823323,49.072539,4.0,ул. серова
869,"ул. карбышева, 46",1974,80,4,5,3672.7,55.760986,49.176312,4.0,ул. карбышева
870,"ул. партизанская, 27",1942,8,1,2,707.2,55.835149,49.082896,4.0,ул. партизанская
871,"ул. юлиуса фучика, 133",1989,199,6,9,11285.0,55.767818,49.230714,3.685185185185185,ул. юлиуса фучика
872,"ул. модельная, 13",1969,38,2,5,1526.0,55.748067,49.140298,3.8,ул. модельная
873,"ул. ломжинская, 12",1990,80,2,10,2583.4,55.766086,49.225001,4.0,ул. ломжинская
874,"ул. железнодорожников, 14",1939,11,1,2,510.37,55.820834,48.889597,5.5,ул. железнодорожников
875,"ул. академика губкина, 27",1959,8,1,2,398.8,55.807825,49.194638,4.0,ул. академика губкина
876,"ул. водстрой (киндери), 9",1989,27,3,3,1314.6,55.876506,49.247494,3.0,ул. водстрой (киндери)
877,"ул. кулахметова, 3",1969,284,8,9,12487.88,55.823378,49.04973,3.9444444444444446,ул. кулахметова
878,"ул. братьев касимовых, 18",1971,84,6,5,2701.0,55.756113,49.185978,2.8,ул. братьев касимовых
879,"ул. меридианная, 7",2000,225,5,10,10440.6,55.820915,49.115361,4.5,ул. меридианная
880,"ул. космонавтов, 29б",1979,50,4,5,2310.3,55.801627,49.193425,2.5,ул. космонавтов
881,"ул. можайского, 2/37",1972,65,4,5,2540.3,55.825452,49.032096,3.25,ул. можайского
882,"ул. короленко, 21",1970,79,4,5,3633.1,55.825487,49.100593,3.95,ул. короленко
883,"ул. гоголя, 25а",2004,8,1,5,833.7,55.798212,49.132923,1.6,ул. гоголя
884,"ул. черноморская, 9",1971,80,4,4,2480.2,55.820683,49.102147,5.0,ул. черноморская
885,"ул. дружинная, 6",2008,108,3,9,4933.4,55.817851,49.083723,4.0,ул. дружинная
886,"ул. гагарина, 48",1963,38,2,5,1535.3,55.837191,49.070347,3.8,ул. гагарина
887,"ул. халева, 15",1965,100,5,5,2199.7,55.766278,49.153046,4.0,ул. халева
888,"ул. тельмана, 23",2003,41,4,4,6987.0,55.799563,49.120383,2.5625,ул. тельмана
889,"ул. чистопольская, 6",1985,96,1,14,4632.4,55.818326,49.103315,6.857142857142857,ул. чистопольская
890,"ул. шамиля усманова, 31",1967,80,4,5,3665.6,55.830811,49.065837,4.0,ул. шамиля усманова
891,"ул. заря, 3",1958,8,1,2,408.3,55.804734,49.181459,4.0,ул. заря
892,"ул. лесгафта, 21",1998,54,4,7,4519.89,55.787128,49.144862,1.9285714285714288,ул. лесгафта
893,"ул. фатыха амирхана, 103",2009,276,6,10,18353.5,55.84262,49.131648,4.6,ул. фатыха амирхана
894,"пр-кт ибрагимова, 4",1960,80,4,5,3249.6,55.840942,49.08604,4.0,пр-кт ибрагимова
895,"ул. гарифьянова, 11",1972,119,8,5,3612.1,55.751847,49.198698,2.975,ул. гарифьянова
896,"ул. заря, 16",2011,131,2,10,7097.2,55.806267,49.181298,6.55,ул. заря
897,"ул. нижняя, 15",2013,92,1,19,4668.2,55.821239,48.890324,4.842105263157895,ул. нижняя
898,"ул. рахимова, 25",1973,68,4,5,2093.3,55.839593,49.032285,3.4,ул. рахимова
899,"ул. осиновская, 33",1989,34,3,3,1812.4,55.855073,48.889633,3.777777777777778,ул. осиновская
900,"пр-кт победы, 178б",2001,106,3,9,6483.99,55.790727,49.221057,3.925925925925926,пр-кт победы
901,"ул. япеева, 13а",1940,28,2,4,1496.34,55.800286,49.115864,3.5,ул. япеева
902,"ул. интернациональная, 15",1971,16,2,2,651.0,55.809009,49.26909,4.0,ул. интернациональная
903,"ул. чистопольская, 76",2009,139,1,18,8237.9,55.81821,49.138717,7.722222222222222,ул. чистопольская
904,"ул. липатова, 23а",1965,60,3,5,2567.9,55.865566,49.215559,4.0,ул. липатова
905,"ул. гагарина, 39а",1973,54,1,9,2297.5,55.840356,49.105911,6.0,ул. гагарина
906,"ул. отрадная, 26/8",1961,16,2,2,648.7,55.767058,49.177004,4.0,ул. отрадная
907,"ул. аделя кутуя, 33",1973,56,4,5,2643.4,55.787477,49.172746,2.8,ул. аделя кутуя
908,"ул. гаврилова, 56 корпус 4",2006,88,2,9,4886.3,55.841761,49.157088,4.888888888888889,ул. гаврилова
909,"пр-кт ямашева, 103а",2012,132,1,18,7765.6,55.824784,49.154483,7.333333333333333,пр-кт ямашева
910,"ул. ново-азинская, 1а",1970,122,2,5,3247.0,55.806171,49.200288,12.2,ул. ново-азинская
911,"ул. юлиуса фучика, 14",1990,273,7,10,13889.3,55.742559,49.211894,3.9,ул. юлиуса фучика
912,"ул. маршала чуйкова, 35",1985,90,1,9,3239.5,55.836767,49.12845,10.0,ул. маршала чуйкова
913,"ул. качалова, 95",1959,38,3,5,2264.0,55.77356,49.146793,2.533333333333333,ул. качалова
914,"ул. лесгафта, 4",1917,8,1,2,296.8,55.786764,49.142068,4.0,ул. лесгафта
915,"ул. дальняя, 3",1959,40,2,5,1571.2,55.769028,49.134361,4.0,ул. дальняя
916,"ул. короленко, 44",1958,21,2,3,1017.1,55.838708,49.101788,3.5,ул. короленко
917,"ул. вяземская, 26",1992,50,4,5,3459.4,55.863338,49.231828,2.5,ул. вяземская
918,"ул. водстрой (киндери), 1",1966,7,2,2,352.2,55.875627,49.248249,1.75,ул. водстрой (киндери)
919,"ул. магаданская, 16а",1959,13,2,2,659.9,55.767889,49.164472,3.25,ул. магаданская
920,"ул. академика сахарова, 13",1997,160,3,9,5525.24,55.779322,49.229402,5.925925925925927,ул. академика сахарова
921,"ул. декабристов, 87",1979,180,5,9,5743.9,55.818599,49.0886,4.0,ул. декабристов
922,"ул. айвазовского, 14",1931,27,3,3,1134.9,55.785534,49.139247,3.0,ул. айвазовского
923,"ул. стадионная, 4",2004,48,2,5,2156.1,55.869597,49.230768,4.8,ул. стадионная
924,"пр-кт ибрагимова, 5",1961,64,4,5,2598.1,55.841215,49.087909,3.2,пр-кт ибрагимова
925,"ул. товарищеская, 28/70",1969,145,9,5,6674.0,55.78645,49.155651,3.2222222222222223,ул. товарищеская
926,"ул. бондаренко, 9",1972,80,4,5,3644.9,55.824364,49.103593,4.0,ул. бондаренко
927,"ул. академика сахарова, 20",2004,96,1,16,4899.1,55.783008,49.226402,6.0,ул. академика сахарова
928,"ул. фатыха амирхана, 12е",2009,101,1,17,6485.4,55.833026,49.136508,5.941176470588236,ул. фатыха амирхана
929,"военный городок-2, 142/6",1972,80,4,5,3552.8,55.752374,49.153252,4.0,военный городок-2
930,"ул. ипподромная, 23/78",1950,16,2,2,681.67,55.771489,49.145886,4.0,ул. ипподромная
931,"ул. николая ершова, 49в",1997,20,1,6,3299.4,55.801465,49.172683,3.333333333333333,ул. николая ершова
932,"ул. хайдара бигичева, 14",2000,132,3,9,5776.49,55.785503,49.225459,4.888888888888889,ул. хайдара бигичева
933,"ул. советская (чебакса), 17",1956,48,6,3,2363.6,55.816146,49.267096,2.6666666666666665,ул. советская (чебакса)
934,"ул. дмитрия менделеева, 17",2014,40,2,5,1821.3,55.760626,49.247432,4.0,ул. дмитрия менделеева
935,"ул. юлиуса фучика, 71",1987,89,1,9,3154.7,55.743923,49.20796,9.88888888888889,ул. юлиуса фучика
936,"ул. каштановая, 15",1961,16,2,2,642.5,55.862782,49.226878,4.0,ул. каштановая
937,"ул. академика губкина, 40",1963,33,2,4,1290.6,55.806499,49.195015,4.125,ул. академика губкина
938,"ул. комарова, 20",1969,118,8,5,5201.58,55.754355,49.168389,2.95,ул. комарова
939,"ул. чишмяле, 21",1992,237,6,10,13332.68,55.762546,49.22845,3.95,ул. чишмяле
940,"ул. рихарда зорге, 63",1974,80,4,5,3667.2,55.753331,49.209559,4.0,ул. рихарда зорге
941,"ул. мулланура вахитова, 5 корпус 3",1987,83,1,12,2379.0,55.815504,49.08578,6.916666666666667,ул. мулланура вахитова
942,"ул. даурская, 10",1966,54,3,5,2498.26,55.763391,49.146254,3.6,ул. даурская
943,"ул. павлюхина, 87",1958,56,4,5,3496.06,55.769616,49.145311,2.8,ул. павлюхина
944,"ул. тунакова, 58",1951,16,2,2,726.4,55.832682,49.085097,4.0,ул. тунакова
945,"ул. сафиуллина, 20/4",1978,90,1,9,3217.2,55.750788,49.222225,10.0,ул. сафиуллина
946,"ул. бондаренко, 20",2004,80,2,10,4264.4,55.821118,49.10539,4.0,ул. бондаренко
947,"ул. гвардейская, 3",1967,64,4,5,2562.2,55.792574,49.172449,3.2,ул. гвардейская
948,"ул. зур урам, 28",1960,8,1,2,374.8,55.809479,49.194548,4.0,ул. зур урам
949,"ул. чкалова, 4/2",1959,32,2,4,1263.0,55.819393,49.059612,4.0,ул. чкалова
950,"ул. николая ершова, 53",1953,34,3,3,1838.4,55.797559,49.176096,3.777777777777778,ул. николая ершова
951,"ул. карла маркса, 39",1917,15,2,3,849.0,55.796041,49.128899,2.5,ул. карла маркса
952,"ул. халева, 13",1966,100,5,5,3380.4,55.766592,49.153522,4.0,ул. халева
953,"ул. звездная, 6",1963,14,2,3,1077.73,55.810157,48.93824,2.333333333333333,ул. звездная
954,"ул. баженова, 28",1958,16,2,2,613.3,55.814851,49.083758,4.0,ул. баженова
955,"ул. академика королева, 4",1960,80,4,5,2930.5,55.839598,49.084818,4.0,ул. академика королева
956,"ул. белинского, 37",1974,60,4,5,2616.6,55.852172,49.070023,3.0,ул. белинского
957,"ул. академика губкина, 24",1955,12,2,2,849.1,55.805993,49.192967,3.0,ул. академика губкина
958,"ул. гарифа ахунова, 16а",2015,26,3,6,2971.6,55.728672,49.175081,1.4444444444444444,ул. гарифа ахунова
959,"ул. рихарда зорге, 13б",2006,89,3,10,4806.2,55.75902,49.190487,2.966666666666667,ул. рихарда зорге
960,"ул. габдуллы кариева, 5",2008,157,4,10,12202.2,55.786313,49.183984,3.925,ул. габдуллы кариева
961,"ул. хайдара бигичева, 10",2000,117,3,9,5741.97,55.785199,49.224075,4.333333333333333,ул. хайдара бигичева
962,"ул. сибгата хакима, 15",2011,90,2,16,8118.9,55.817203,49.121353,2.8125,ул. сибгата хакима
963,"ул. шамиля усманова, 37",1968,120,6,5,2669.8,55.831524,49.061094,4.0,ул. шамиля усманова
964,"ул. зинина, 41",1969,70,4,5,3387.7,55.786283,49.154501,3.5,ул. зинина
965,"ул. сулеймановой, 7",2003,60,3,5,4177.9,55.81298,49.088313,4.0,ул. сулеймановой
966,"ул. татарстан, 49",1964,136,7,5,5642.8,55.776345,49.109513,3.885714285714285,ул. татарстан
967,"ул. дзержинского, 13",2015,33,3,5,2947.3,55.795717,49.117095,2.2,ул. дзержинского
968,"ул. беломорская, 83",1967,144,3,5,2824.8,55.866399,49.015765,9.6,ул. беломорская
969,"ул. академика кирпичникова, 12",1959,70,5,5,4428.0,55.807673,49.187271,2.8,ул. академика кирпичникова
970,"ул. ипподромная, 29",1954,23,3,3,1812.02,55.770922,49.145554,2.555555555555556,ул. ипподромная
971,"пр-кт победы, 15 корпус 3",1996,77,1,14,4931.65,55.7464,49.199345,5.5,пр-кт победы
972,"юнуса ахметзянова, 3",2021,114,1,20,7280.1,55.799962,49.182618,5.7,юнуса ахметзянова
973,"ул. дубравная, 33",2004,87,3,5,4721.2,55.739169,49.208409,5.8,ул. дубравная
974,"ул. восстания, 4",1962,80,4,5,3545.4,55.836504,49.100117,4.0,ул. восстания
975,"пр-кт ямашева, 90",1993,106,1,18,5904.43,55.82797,49.148671,5.888888888888889,пр-кт ямашева
976,"ул. гвардейская, 37 корпус 13",1958,8,1,2,377.1,55.784228,49.171308,4.0,ул. гвардейская
977,"ул. юлиуса фучика, 48",1977,144,4,9,7620.4,55.747267,49.226079,4.0,ул. юлиуса фучика
978,"ул. ноксинский спуск, 26",2004,240,6,10,12946.58,55.76761,49.241898,4.0,ул. ноксинский спуск
979,"ул. зинина, 5",2005,54,1,10,3505.3,55.790742,49.156836,5.4,ул. зинина
980,"ул. авангардная, 171",1976,35,1,9,890.95,55.73666,49.146326,3.888888888888889,ул. авангардная
981,"ул. оренбургский тракт, 132",2007,60,3,5,3912.84,55.729169,49.165299,4.0,ул. оренбургский тракт
982,"пр-кт ямашева, 101",2007,410,14,10,23316.9,55.824344,49.152471,2.9285714285714284,пр-кт ямашева
983,"ул. набережная (отары), 2в",1995,70,4,5,2432.8,55.799406,49.043721,3.5,ул. набережная (отары)
984,"ул. четаева, 25",1993,233,6,10,12751.52,55.823854,49.129968,3.8833333333333337,ул. четаева
985,"ул. полевая, 36",1959,16,2,2,545.9,55.819707,49.058794,4.0,ул. полевая
986,"ул. космонавтов, 18",1968,80,4,5,3536.8,55.798257,49.189472,4.0,ул. космонавтов
987,"ул. короленко, 81",1962,80,4,5,3355.3,55.8366,49.100844,4.0,ул. короленко
988,"ул. ломжинская, 5",1991,204,6,9,11575.1,55.767914,49.22501,3.7777777777777777,ул. ломжинская
989,"ул. лукина, 48и",2021,48,1,10,2639.5,55.8674,49.094188,4.8,ул. лукина
990,"ул. гаврилова, 6",1988,180,5,9,5917.1,55.829573,49.158732,4.0,ул. гаврилова
991,"ул. ленинградская, 60",2004,79,2,10,4372.6,55.869632,49.08975,3.95,ул. ленинградская
992,"ул. мусина, 53а",1973,80,4,5,3630.3,55.831888,49.126321,4.0,ул. мусина
993,"ул. фатыха амирхана, 47",1976,176,5,9,9457.0,55.831327,49.131549,3.911111111111112,ул. фатыха амирхана
994,"ул. дзержинского, 16",1955,24,3,5,2050.31,55.794366,49.116915,1.6,ул. дзержинского
995,"ул. бойничная, 3",1991,74,1,5,3747.2,55.778801,49.1485,14.8,ул. бойничная
996,"ул. солдатская, 5",2002,68,3,10,6980.8,55.817537,49.102695,2.2666666666666666,ул. солдатская
997,"ул. татарстан, 3/2",1939,62,4,6,3661.14,55.781767,49.115379,2.583333333333333,ул. татарстан
998,"ул. березовая (лесной городок), 29",2013,20,1,5,1338.9,55.711914,49.18454,4.0,ул. березовая (лесной городок)
999,"пр-кт ямашева, 50",2002,119,3,10,6274.2,55.827904,49.1235,3.9666666666666655,пр-кт ямашева
